Gene.ID	Gene.Name	AD	BD	AUT	SCH	ASD	Epi	ID	HTN	HD	PD	FTD	MS
273	AMPH	.	.	.	.	.	.	.	.	.	.	1	.
6455	SH3GL1	.	.	.	.	.	.	.	.	.	.	1	.
1759	DNM1	.	.	.	1	.	1	.	.	.	.	.	.
1785	DNM2	1	.	.	.	.	.	.	.	.	.	1	.
2923	PDIA3	1	.	.	.	.	.	.	.	.	.	.	.
8470	SORBS2	1	.	.	.	.	.	.	.	.	.	.	.
2885	GRB2	.	.	.	1	.	.	.	.	.	.	.	.
6456	SH3GL2	.	.	.	1	.	.	.	.	.	1	.	1
22895	RPH3A	.	.	.	.	.	.	.	.	3	.	.	.
6548	SLC9A1	.	.	.	.	.	.	.	1	.	.	.	.
3303	HSPA1A	.	.	.	1	.	.	.	1	.	.	1	1
6616	SNAP25	1	.	1	1	1	1	2	.	1	.	1	.
322	APBB1	1	.	.	.	.	.	.	.	.	.	.	.
351	APP	1	.	1	.	1	1	.	1	.	1	1	1
10971	YWHAQ	.	.	.	.	.	.	.	2	.	.	.	.
53616	ADAM22	.	.	.	.	.	1	.	.	.	.	.	.
7534	YWHAZ	1	.	1	1	1	.	.	.	.	1	.	.
7531	YWHAE	.	1	.	1	.	.	.	.	.	.	.	.
5048	PAFAH1B1	.	.	.	1	.	.	.	.	.	.	.	.
7529	YWHAB	.	.	.	1	.	.	.	.	.	.	.	.
7532	YWHAG	1	.	.	1	.	1	.	.	.	.	.	1
7533	YWHAH	.	1	.	1	.	2	.	.	.	1	.	.
2896	GRN	1	.	1	2	1	.	.	1	.	2	2	2
1072	CFL1	.	.	.	1	.	.	.	.	.	.	.	.
5894	RAF1	1	.	.	.	.	.	.	.	.	.	.	.
2891	GRIA2	1	.	2	1	2	1	.	.	.	.	.	1
2892	GRIA3	1	.	.	1	.	1	2	.	.	.	.	1
3028	HSD17B10	1	.	.	1	.	.	2	.	.	.	.	1
9228	DLGAP2	.	.	.	1	.	.	.	.	.	.	.	.
55824	PAG1	.	.	.	1	.	.	.	.	.	.	.	.
2512	FTL	.	.	.	1	.	.	.	.	.	.	.	.
2495	FTH1	.	.	2	.	2	.	.	.	.	.	.	.
10935	PRDX3	1	.	.	.	.	.	.	.	.	2	.	.
824	CAPN2	1	.	.	.	.	.	.	.	.	.	.	.
6804	STX1A	.	2	1	1	1	1	.	.	.	.	1	.
5058	PAK1	1	.	.	1	.	.	.	.	.	.	.	.
2934	GSN	2	2	.	1	.	2	.	1	.	.	.	.
3612	IMPA1	.	1	.	.	.	.	.	.	.	.	.	.
3800	KIF5C	2	2	2	1	2	.	1	.	.	.	.	.
259217	HSPA12A	.	.	.	2	.	.	.	.	.	.	.	.
23499	MACF1	.	.	.	1	.	.	.	.	.	.	.	.
23037	PDZD2	.	1	.	.	.	.	.	.	.	.	.	.
23025	UNC13A	.	.	.	.	.	.	.	.	.	.	1	.
815	CAMK2A	1	.	.	1	.	.	.	.	.	.	1	.
1742	DLG4	1	.	.	1	.	.	.	.	.	1	.	.
6457	SH3GL3	.	.	.	1	.	.	.	.	.	.	.	.
3178	HNRNPA1	1	.	.	.	.	.	.	.	.	.	1	2
1460	CSNK2B	.	.	.	.	.	.	.	.	.	1	.	.
1457	CSNK2A1	.	.	.	1	.	.	.	.	.	.	.	.
7919	DDX39B	1	.	.	.	.	.	.	.	.	.	.	.
348	APOE	1	1	1	1	1	1	.	1	.	1	1	1
4684	NCAM1	1	1	1	1	1	1	.	.	.	.	.	1
1804	DPP6	.	.	.	.	.	.	2	.	.	.	.	1
1272	CNTN1	1	1	.	.	.	.	.	.	.	2	.	1
4099	MAG	.	.	.	1	.	.	.	.	.	.	.	.
4340	MOG	.	1	1	1	1	.	.	.	.	.	.	1
5621	PRNP	1	1	1	1	1	1	.	1	2	.	1	1
1191	CLU	1	.	.	1	.	.	.	1	.	1	.	.
3897	L1CAM	.	.	.	1	.	.	2	.	.	.	.	.
334	APLP2	1	.	.	.	.	.	.	.	.	.	.	.
3309	HSPA5	1	1	.	1	.	.	.	1	.	.	.	.
58512	DLGAP3	.	.	.	1	.	.	.	.	.	.	.	.
1739	DLG1	.	.	.	1	.	.	.	.	.	1	.	.
1741	DLG3	.	.	.	1	.	.	1	.	.	.	.	.
7334	UBE2N	.	.	.	2	.	.	.	.	.	.	.	.
7431	VIM	1	.	.	1	.	.	.	.	.	.	.	.
10254	STAM2	.	.	.	.	.	1	.	.	.	.	.	.
161	AP2A2	1	.	.	.	.	.	.	.	.	.	1	.
5063	PAK3	.	.	.	.	.	.	2	.	.	.	.	.
4130	MAP1A	.	.	.	1	.	.	.	.	.	.	.	.
28964	GIT1	.	.	.	.	.	.	.	.	1	.	.	.
1400	CRMP1	.	.	.	1	.	1	.	.	.	.	.	.
10989	IMMT	.	.	.	.	.	.	.	.	.	.	1	.
3064	HTT	.	.	.	.	.	.	.	.	1	.	.	.
4747	NEFL	1	.	.	1	.	.	.	.	.	1	.	1
3306	HSPA2	.	.	.	.	.	.	.	.	.	.	.	2
1627	DBN1	2	.	.	.	.	.	.	.	.	.	.	.
2316	FLNA	.	.	.	.	.	.	1	.	.	.	.	.
2194	FASN	.	.	2	.	2	.	.	.	.	.	.	.
9369	NRXN3	.	.	2	2	2	.	.	.	.	.	.	.
4301	AFDN	.	.	.	.	.	.	.	.	.	2	.	.
3556	IL1RAP	1	.	.	.	.	.	.	.	.	.	.	.
22800	RRAS2	1	.	.	.	.	2	.	.	.	.	.	.
9463	PICK1	.	.	.	1	.	.	.	.	.	.	.	.
163	AP2B1	.	.	.	.	.	.	.	.	.	.	1	.
1173	AP2M1	.	.	.	2	.	.	.	.	.	.	.	.
6453	ITSN1	1	.	.	.	.	.	.	.	.	.	.	.
10188	TNK2	.	.	.	.	.	1	.	.	.	.	.	.
19	ABCA1	2	.	.	1	.	.	.	2	2	.	.	.
2904	GRIN2B	1	1	1	1	1	1	1	.	1	1	.	1
23228	PLCL2	.	.	.	1	.	.	.	.	.	.	.	2
6558	SLC12A2	1	.	.	2	.	.	.	1	.	.	.	.
2906	GRIN2D	.	.	2	1	2	.	.	.	.	.	.	.
5792	PTPRF	.	.	.	1	.	.	.	1	.	.	.	.
5789	PTPRD	.	.	.	.	.	2	.	.	.	.	.	.
5791	PTPRE	.	.	.	.	.	.	.	.	.	1	.	.
5803	PTPRZ1	.	.	.	1	.	.	.	.	.	.	.	.
5799	PTPRN2	.	1	.	1	.	.	.	.	.	.	.	.
5305	PIP4K2A	.	.	.	1	.	.	.	.	.	.	.	.
961	CD47	.	.	.	.	.	.	.	2	.	.	.	2
6262	RYR2	.	.	2	.	2	.	.	.	.	.	.	.
998	CDC42	.	.	.	1	.	1	.	.	.	.	.	.
387	RHOA	1	.	.	.	.	1	.	1	.	.	.	.
5594	MAPK1	1	.	.	.	.	.	.	1	.	.	.	1
2534	FYN	1	1	.	1	.	.	.	.	.	.	.	.
2273	FHL1	.	.	.	.	.	.	2	1	.	.	.	.
3190	HNRNPK	.	.	.	1	.	.	.	.	.	.	.	.
5687	PSMA6	.	.	.	.	.	.	.	2	.	.	.	.
5689	PSMB1	.	.	.	.	.	.	.	.	.	1	.	.
2932	GSK3B	1	1	.	1	.	1	.	.	1	1	.	1
1915	EEF1A1	.	.	.	.	.	.	1	.	.	.	1	.
3320	HSP90AA1	1	.	.	1	.	.	2	1	.	.	1	.
4905	NSF	.	.	.	.	.	.	.	.	.	1	.	.
2597	GAPDH	1	.	.	1	.	.	.	.	1	.	.	1
1114	CHGB	.	.	.	1	.	.	.	1	.	.	.	.
1743	DLST	1	.	.	.	.	.	.	.	.	.	.	.
7277	TUBA4A	.	.	.	.	.	.	.	.	.	.	1	.
2026	ENO2	1	2	.	1	.	.	.	.	.	.	1	.
3798	KIF5A	.	.	.	.	.	1	.	.	.	.	.	2
10399	RACK1	1	2	.	1	.	1	.	.	.	.	.	.
11075	STMN2	.	2	.	.	.	.	.	.	.	.	.	.
213	ALB	.	.	.	2	.	2	.	.	2	.	.	.
217	ALDH2	1	1	.	1	.	1	.	2	.	.	.	.
3039	HBA1	.	.	.	.	.	.	.	1	.	.	.	.
2783	GNB2	.	.	.	1	.	.	.	.	.	.	.	.
4043	LRPAP1	1	.	.	.	.	.	.	.	.	.	.	.
4715	NDUFB9	.	.	.	1	.	.	.	.	.	.	.	.
10397	NDRG1	.	2	.	2	.	.	.	.	.	.	.	.
6189	RPS3A	1	.	.	.	.	.	.	.	.	.	.	.
6421	SFPQ	1	.	.	.	.	.	.	.	.	.	2	.
6853	SYN1	1	.	1	1	1	1	.	.	.	.	.	.
396	ARHGDIA	.	.	.	1	.	.	.	1	.	.	.	.
826	CAPNS1	.	.	.	.	.	2	.	.	.	.	.	.
1363	CPE	2	.	.	.	.	.	.	.	.	.	.	.
25874	MPC2	.	.	.	2	.	.	.	.	.	.	.	.
4190	MDH1	.	.	.	1	.	.	.	.	.	.	1	.
55968	NSFL1C	.	.	.	1	.	.	.	.	.	.	.	.
23435	TARDBP	1	.	.	.	.	.	2	.	.	2	2	.
23140	ZZEF1	.	2	.	2	.	.	.	.	.	.	.	.
6487	ST3GAL3	.	.	.	.	.	2	2	2	.	.	.	.
112476	PRRT2	.	.	.	.	.	1	.	.	.	2	1	.
29888	STRN4	.	.	.	.	.	.	1	.	.	.	.	.
10949	HNRNPA0	.	.	.	1	.	.	.	.	.	.	.	.
23136	EPB41L3	.	.	.	1	.	.	.	.	.	.	.	.
5223	PGAM1	2	.	.	1	.	.	.	.	.	.	.	.
6092	ROBO2	.	.	.	1	.	.	.	.	.	.	.	.
5867	RAB4A	1	.	.	.	.	.	.	.	.	.	.	.
4734	NEDD4	.	.	.	1	.	.	.	.	.	1	.	.
6405	SEMA3F	.	.	.	.	.	.	3	.	.	.	.	.
581	BAX	1	.	.	.	.	.	.	1	.	1	.	1
1740	DLG2	.	.	.	.	.	1	.	.	.	1	.	.
8996	NOL3	.	.	.	.	.	.	.	2	.	.	.	.
29979	UBQLN1	1	.	.	.	.	.	.	.	2	.	.	.
60	ACTB	.	.	.	1	.	.	.	.	.	1	.	.
10313	RTN3	1	.	.	.	.	.	.	.	.	1	.	.
5704	PSMC4	.	.	.	.	.	.	.	.	.	1	.	.
10656	KHDRBS3	.	.	.	.	.	.	.	.	.	2	.	.
2670	GFAP	1	2	.	1	.	2	.	.	.	1	2	1
71	ACTG1	.	.	.	1	.	.	.	.	.	.	.	.
140885	SIRPA	.	.	.	2	.	.	.	.	.	.	.	.
3183	HNRNPC	.	2	.	1	.	.	.	.	.	.	.	.
2954	GSTZ1	.	.	.	.	.	.	2	.	.	.	.	.
57142	RTN4	1	1	.	1	.	1	.	.	.	.	.	1
1780	DYNC1I1	1	.	.	.	.	.	.	.	.	.	.	.
27316	RBMX	.	.	.	.	.	.	1	.	.	.	.	.
2752	GLUL	1	.	.	1	.	2	.	.	.	.	.	.
2580	GAK	.	.	.	.	.	.	.	.	.	1	.	.
5700	PSMC1	.	.	.	.	.	.	.	.	.	1	.	.
216	ALDH1A1	.	1	.	1	.	.	.	.	.	3	.	.
875	CBS	2	2	.	1	.	.	.	1	.	.	.	.
4830	NME1	1	.	.	.	.	.	.	.	.	.	.	.
6717	SRI	.	.	.	.	.	.	.	.	.	.	.	2
22941	SHANK2	.	.	1	.	1	.	1	.	.	.	.	.
50944	SHANK1	.	.	.	1	.	.	1	.	.	.	.	.
6531	SLC6A3	1	2	2	1	2	.	2	.	2	1	.	.
5566	PRKACA	1	.	.	.	.	.	.	.	1	.	1	.
50807	ASAP1	.	.	.	.	.	.	.	.	.	.	.	1
2893	GRIA4	1	.	.	1	.	.	.	.	.	.	.	.
22866	CNKSR2	.	.	.	1	.	.	2	.	.	.	.	.
57554	LRRC7	.	.	.	.	.	.	.	1	.	.	.	.
23095	KIF1B	.	.	.	.	.	.	.	.	.	.	.	1
2915	GRM5	1	1	1	1	1	1	1	.	.	1	.	.
2902	GRIN1	1	1	.	1	.	1	1	.	.	.	.	1
7415	VCP	1	.	.	.	.	.	.	.	.	.	1	.
54039	PCBP3	.	2	.	.	.	.	.	.	.	.	.	.
5582	PRKCG	.	.	.	1	.	.	.	.	.	.	.	.
6285	S100B	2	1	.	2	.	2	.	1	.	2	.	.
7178	TPT1	.	.	.	.	.	.	.	1	.	.	.	.
6513	SLC2A1	2	.	.	2	.	2	.	.	.	.	.	.
6622	SNCA	1	.	.	1	.	.	.	.	.	1	.	1
1499	CTNNB1	1	1	1	1	1	.	1	1	.	.	1	.
81565	NDEL1	.	.	.	1	.	.	.	.	.	.	.	.
5160	PDHA1	.	.	.	.	.	.	.	1	.	.	.	.
55770	EXOC2	.	.	.	2	.	.	.	.	.	.	.	.
476	ATP1A1	.	.	2	.	2	.	.	1	.	.	.	.
2195	FAT1	.	2	.	.	.	.	.	.	.	.	.	.
23043	TNIK	.	.	.	1	.	.	.	.	.	.	.	.
3799	KIF5B	.	1	.	.	.	.	.	.	.	.	.	.
8499	PPFIA2	.	.	.	1	.	.	.	.	.	.	.	.
6714	SRC	1	.	1	.	1	.	.	.	.	.	.	.
11315	PARK7	.	.	.	.	.	.	.	1	1	1	.	1
9131	AIFM1	1	.	.	.	.	.	.	.	.	.	.	.
5037	PEBP1	1	.	.	1	.	.	.	1	.	.	.	.
6709	SPTAN1	.	.	.	1	.	2	1	.	.	.	.	.
1020	CDK5	1	.	.	1	.	.	.	.	1	.	.	.
1509	CTSD	1	.	1	.	1	1	.	1	.	.	.	1
6857	SYT1	.	.	.	.	.	1	.	.	.	.	1	.
1454	CSNK1E	.	1	.	1	.	.	.	.	.	.	.	.
4137	MAPT	1	.	.	1	.	1	.	.	1	1	1	1
4155	MBP	1	.	.	1	.	.	.	.	.	.	.	1
85358	SHANK3	.	.	1	1	1	.	1	.	.	.	.	.
5530	PPP3CA	1	.	.	1	.	.	.	.	.	.	1	.
5515	PPP2CA	.	.	.	.	.	1	.	.	.	.	.	.
7001	PRDX2	1	.	.	1	.	.	.	.	.	1	1	.
5052	PRDX1	1	.	.	1	.	.	.	.	.	.	.	.
26060	APPL1	1	.	.	.	.	.	.	.	.	.	.	.
10059	DNM1L	1	.	.	.	.	.	.	2	1	1	.	.
25	ABL1	1	.	.	.	.	.	.	.	.	1	.	.
23114	NFASC	.	.	.	.	.	2	.	.	.	.	.	2
22999	RIMS1	.	.	.	1	.	.	.	.	.	.	.	.
6137	RPL13	.	.	.	1	.	.	.	.	.	.	.	.
6237	RRAS	.	.	.	.	.	.	.	.	2	.	.	.
2550	GABBR1	1	.	1	1	1	1	.	.	.	.	.	.
2571	GAD1	1	1	2	1	2	2	.	.	.	1	.	2
287	ANK2	.	.	.	1	.	.	.	.	.	.	.	.
274	BIN1	1	.	.	.	.	.	.	.	.	.	.	.
801	CALM1	1	.	.	1	.	.	.	.	.	.	.	.
5692	PSMB4	.	.	.	.	.	.	.	.	.	1	.	.
5870	RAB6A	1	.	.	.	.	.	.	.	.	.	.	.
2023	ENO1	1	1	1	1	1	.	.	.	.	1	.	.
10963	STIP1	.	.	.	.	.	.	.	.	.	.	1	.
9378	NRXN1	.	.	1	1	1	1	1	.	.	.	.	.
3181	HNRNPA2B1	1	.	.	1	.	.	.	.	.	.	1	.
11140	CDC37	.	.	.	.	.	.	.	.	.	.	.	1
2697	GJA1	.	.	1	.	1	.	.	.	.	.	.	.
6845	VAMP7	.	2	.	.	.	.	.	.	.	.	.	.
5864	RAB3A	.	.	1	.	1	.	2	.	.	.	.	1
3146	HMGB1	1	.	1	.	1	.	2	1	.	.	.	1
6812	STXBP1	1	.	.	1	.	1	2	.	.	.	1	.
10211	FLOT1	1	.	.	.	.	.	.	.	.	.	.	.
2931	GSK3A	1	.	.	.	.	.	.	.	.	.	.	.
2	A2M	1	.	.	.	.	.	.	.	.	.	.	1
2271	FH	.	.	.	.	.	.	.	2	.	.	.	.
5595	MAPK3	1	.	.	1	.	.	.	1	1	.	.	.
5213	PFKM	.	.	.	1	.	.	.	.	.	.	.	.
5930	RBBP6	1	.	.	.	.	.	.	.	.	.	.	.
7323	UBE2D3	.	.	.	.	.	.	.	.	2	.	.	2
10458	BAIAP2	.	.	1	.	1	.	.	.	.	.	.	.
115992	RNF166	.	.	2	.	2	.	.	.	.	.	.	.
9456	HOMER1	1	.	1	1	1	.	1	.	.	1	.	.
3778	KCNMA1	.	.	.	.	.	2	.	2	.	.	.	.
57030	SLC17A7	2	2	.	1	.	.	.	.	.	.	.	.
775	CACNA1C	1	1	1	1	1	.	.	2	.	2	.	.
6009	RHEB	.	1	.	.	.	.	.	.	2	.	.	.
5581	PRKCE	1	.	.	.	.	.	.	.	.	.	.	.
7316	UBC	.	.	.	.	.	1	.	.	.	.	.	.
1540	CYLD	.	.	.	.	.	.	.	.	.	1	.	.
388	RHOB	.	.	.	.	.	2	.	1	.	.	.	.
26227	PHGDH	.	.	.	2	.	.	.	.	.	.	4	.
1267	CNP	1	1	.	1	.	.	.	.	.	.	.	1
81488	POLR2M	.	.	.	.	.	.	.	2	.	.	.	.
3312	HSPA8	1	.	.	1	.	.	.	.	.	1	.	.
3837	KPNB1	.	.	.	.	.	.	.	.	.	.	.	2
57502	NLGN4X	.	.	1	1	1	.	1	.	.	.	.	.
57555	NLGN2	.	.	.	1	.	.	.	.	.	.	.	.
5901	RAN	1	.	.	.	.	.	.	.	.	.	2	.
6331	SCN5A	.	.	.	.	.	2	.	.	.	.	.	1
4082	MARCKS	.	.	.	1	.	.	.	.	.	.	.	.
10243	GPHN	1	.	1	1	1	1	.	.	.	.	.	.
25758	KIAA1549L	.	2	.	.	.	.	.	.	.	.	.	.
25930	PTPN23	.	.	.	.	.	.	.	.	2	.	.	.
55083	KIF26B	.	.	.	1	.	.	.	.	.	.	.	.
136319	MTPN	.	2	2	2	2	.	.	.	.	.	.	.
5602	MAPK10	1	.	.	.	.	.	.	.	1	.	.	.
23236	PLCB1	.	.	.	2	.	2	.	.	.	.	.	.
5879	RAC1	1	.	1	.	1	1	.	1	.	.	.	.
4627	MYH9	.	.	.	.	.	.	.	1	.	.	.	.
4509	ATP8	.	.	.	.	.	1	.	.	.	.	.	2
4513	COX2	.	.	.	1	.	2	.	.	.	.	.	.
11346	SYNPO	.	.	.	1	.	.	2	2	.	.	.	.
773	CACNA1A	.	.	.	.	.	1	1	.	.	.	.	.
10549	PRDX4	.	.	.	.	.	.	.	.	.	.	1	.
10452	TOMM40	1	.	.	.	.	.	.	.	.	1	2	.
27445	PCLO	.	2	.	1	.	.	.	.	.	.	.	.
10992	SF3B2	.	.	.	.	.	.	1	.	.	.	.	.
1128	CHRM1	1	.	.	1	.	.	.	.	2	.	.	.
1786	DNMT1	1	1	.	1	.	.	.	.	.	.	2	.
5216	PFN1	.	.	.	.	.	.	.	.	.	.	2	.
2081	ERN1	.	.	.	.	.	2	.	.	.	.	.	.
226	ALDOA	.	.	.	1	.	.	.	.	.	.	.	.
3339	HSPG2	1	.	.	.	.	.	.	.	.	.	.	.
4035	LRP1	1	.	.	1	.	.	.	.	.	.	.	.
347733	TUBB2B	.	.	.	1	.	.	1	.	.	.	.	.
7102	TSPAN7	.	.	.	.	.	.	1	.	.	.	.	.
10728	PTGES3	1	.	.	.	.	.	.	.	.	.	.	.
3417	IDH1	.	.	.	.	.	2	.	.	.	.	.	.
10228	STX6	.	.	.	.	.	.	.	.	.	2	.	.
1641	DCX	.	.	.	2	.	2	1	.	.	.	.	.
1808	DPYSL2	1	1	.	1	.	1	.	.	1	.	.	.
125	ADH1B	.	.	2	1	2	.	.	2	.	2	.	.
128	ADH5	.	.	2	1	2	.	.	.	.	.	.	.
162	AP1B1	.	.	.	.	.	.	.	.	.	.	2	.
3921	RPSA	1	.	.	.	.	.	.	1	.	.	.	.
1620	BRINP1	.	2	.	2	.	.	.	.	.	2	.	2
2776	GNAQ	2	.	.	.	.	.	.	.	.	.	.	.
2938	GSTA1	.	.	.	1	.	.	.	2	.	.	.	.
3107	HLA-C	.	.	.	2	.	.	.	1	.	.	.	2
4831	NME2	1	.	.	.	.	.	.	.	.	.	.	.
53826	FXYD6	.	.	.	2	.	.	.	.	.	.	.	.
5578	PRKCA	.	.	.	1	.	.	.	1	1	.	.	1
1000	CDH2	2	2	.	.	.	.	.	.	.	.	.	.
10383	TUBB4B	.	.	.	.	.	.	.	.	.	.	2	.
2193	FARSA	.	.	.	1	.	.	.	.	.	.	.	.
23191	CYFIP1	.	.	2	1	2	.	.	.	.	.	.	.
25932	CLIC4	.	.	.	.	.	.	.	2	.	.	.	.
54413	NLGN3	.	2	1	.	1	.	1	.	.	.	.	.
37	ACADVL	.	.	.	.	.	.	.	1	.	.	.	.
87	ACTN1	.	.	.	.	.	.	.	.	.	.	.	2
2521	FUS	.	.	.	.	.	.	1	.	.	.	1	.
2770	GNAI1	.	.	.	.	.	.	.	.	.	.	2	.
2778	GNAS	2	.	.	1	.	.	.	1	.	.	.	.
2879	GPX4	.	.	.	.	.	.	.	2	.	.	.	.
3313	HSPA9	1	.	.	1	.	.	.	.	.	2	.	.
338	APOB	2	2	.	.	.	.	.	2	.	.	.	.
3939	LDHA	.	.	.	.	.	.	.	.	.	.	2	.
3937	LCP2	.	.	.	.	.	.	.	2	.	.	.	.
4000	LMNA	1	.	.	.	.	.	.	.	.	.	.	.
4925	NUCB2	.	3	.	1	.	2	.	1	.	.	.	.
5955	RCN2	.	.	.	.	.	2	.	.	.	.	.	.
6648	SOD2	1	.	.	2	.	2	.	2	.	.	.	2
7430	EZR	.	.	.	.	.	.	1	.	.	.	1	.
9588	PRDX6	1	.	.	1	.	.	.	.	.	.	.	.
9961	MVP	.	.	.	.	.	2	.	.	.	.	.	.
7295	TXN	1	.	.	1	.	.	.	.	.	.	.	.
5579	PRKCB	.	.	1	.	1	.	.	.	.	.	.	.
27130	INVS	.	.	.	.	.	.	.	2	.	.	.	.
10972	TMED10	3	.	.	.	.	.	.	.	.	.	.	.
257194	NEGR1	.	.	.	.	.	.	.	.	.	.	2	.
4045	LSAMP	.	.	.	1	.	.	.	.	.	.	.	.
50863	NTM	.	1	.	1	.	.	.	.	.	.	.	.
6844	VAMP2	.	.	.	1	.	1	.	.	.	.	.	.
1803	DPP4	.	.	4	4	4	.	.	4	.	.	.	.
5532	PPP3CB	.	.	.	1	.	.	.	.	.	.	.	.
301	ANXA1	.	2	.	1	.	.	.	.	.	.	.	1
310	ANXA7	.	.	.	1	.	1	.	.	.	.	.	.
221184	CPNE2	.	2	.	1	.	.	.	.	.	.	.	.
1508	CTSB	2	.	.	.	.	.	.	.	.	2	.	.
23564	DDAH2	.	.	.	.	.	.	.	1	.	.	.	.
23646	PLD3	2	.	.	.	.	.	.	.	.	.	.	.
10381	TUBB3	.	.	.	1	.	.	.	.	.	1	.	.
118	ADD1	.	.	.	.	.	.	.	1	.	.	.	.
2745	GLRX	2	.	.	.	.	.	.	.	.	.	.	.
11033	ADAP1	1	.	.	.	.	.	.	.	.	.	.	.
2823	GPM6A	.	3	.	3	.	3	.	.	.	.	.	.
3925	STMN1	1	.	.	.	.	2	.	.	.	.	.	2
6125	RPL5	.	2	.	1	.	.	.	.	.	.	.	2
2768	GNA12	.	.	.	.	.	.	.	1	.	.	.	.
814	CAMK4	1	.	2	.	2	.	2	.	.	.	.	.
989	SEPTIN7	.	.	.	2	.	.	.	.	.	.	.	.
2556	GABRA3	.	.	1	1	1	.	.	.	.	.	.	.
51100	SH3GLB1	1	.	.	.	.	.	.	.	.	.	.	.
8301	PICALM	1	.	.	.	.	.	.	.	.	2	.	.
4625	MYH7	2	.	.	.	.	.	.	.	.	.	.	.
9172	MYOM2	.	2	.	2	.	.	.	.	.	.	.	.
6194	RPS6	1	.	.	.	.	.	.	.	.	.	.	.
23122	CLASP2	.	.	.	.	.	.	2	.	.	.	.	.
5837	PYGM	.	.	.	.	.	.	.	2	.	.	.	.
2950	GSTP1	1	.	.	1	.	1	.	2	.	2	.	2
4001	LMNB1	.	.	.	.	.	.	.	.	.	2	.	.
1152	CKB	2	.	.	2	.	.	.	.	2	.	.	2
4915	NTRK2	1	2	1	1	1	1	.	1	.	1	.	1
58155	PTBP2	.	.	.	1	.	.	.	.	.	.	.	2
2744	GLS	.	.	.	.	.	.	.	.	.	.	2	.
5518	PPP2R1A	.	.	.	.	.	.	1	.	.	.	.	.
9229	DLGAP1	1	.	.	1	.	.	.	.	.	.	.	.
2664	GDI1	.	.	.	2	.	.	3	.	.	.	.	.
2562	GABRB3	.	.	2	2	2	2	.	.	.	.	.	.
2561	GABRB2	.	1	.	1	.	1	.	.	.	.	.	.
166614	DCLK2	.	.	.	.	.	2	.	.	.	.	.	.
2047	EPHB1	.	.	.	1	.	.	.	.	.	.	.	.
5528	PPP2R5D	.	.	.	.	.	.	1	.	.	.	.	.
1410	CRYAB	1	.	.	1	.	.	.	.	.	.	.	1
3094	HINT1	.	1	1	1	1	.	.	.	.	.	.	.
3927	LASP1	.	2	.	1	.	.	.	.	.	.	.	.
55170	PRMT6	.	.	.	1	.	.	.	.	.	.	.	.
2280	FKBP1A	1	.	.	.	.	.	.	.	.	2	.	.
5906	RAP1A	.	.	.	.	.	1	.	.	.	.	.	.
10376	TUBA1B	.	.	.	1	.	.	.	.	.	.	.	.
157922	CAMSAP1	.	.	.	.	.	2	.	.	.	.	.	.
120	ADD3	.	.	.	.	.	.	1	.	.	.	.	.
1778	DYNC1H1	1	.	2	.	2	.	2	.	.	.	.	.
5604	MAP2K1	1	.	.	.	.	.	.	.	.	.	.	.
1012	CDH13	.	.	.	3	.	.	.	4	.	.	.	.
1428	CRYM	.	.	.	2	.	.	.	.	.	.	.	.
5708	PSMD2	.	.	.	.	.	.	.	.	.	1	.	.
150	ADRA2A	.	.	.	1	.	.	.	2	.	.	.	.
488	ATP2A2	.	.	.	2	.	.	.	1	.	.	.	.
2774	GNAL	.	2	.	2	.	.	.	.	.	.	.	.
2782	GNB1	.	.	.	1	.	.	.	.	.	.	.	.
2288	FKBP4	1	.	.	.	.	.	.	2	.	2	.	.
4128	MAOA	1	2	2	1	1	.	2	2	1	.	2	.
4129	MAOB	1	.	.	1	1	.	.	.	1	1	.	.
112755	STX1B	.	.	.	.	.	1	.	.	.	1	1	.
156	GRK2	1	.	.	1	.	.	.	.	.	.	.	1
288	ANK3	1	2	2	1	2	.	1	.	.	.	.	.
3329	HSPD1	.	.	.	1	.	.	.	.	.	.	.	.
55737	VPS35	.	.	.	.	.	.	.	.	.	3	.	.
3482	IGF2R	1	.	.	.	.	.	.	.	.	.	.	.
1500	CTNND1	.	.	2	.	2	.	.	.	.	.	.	.
11332	ACOT7	.	.	.	.	.	2	.	.	.	.	.	.
8573	CASK	.	.	.	.	.	1	1	.	.	.	.	.
28952	CCDC22	.	.	.	.	.	.	2	.	.	.	.	.
10529	NEBL	.	.	.	1	.	.	.	.	.	.	.	.
3954	LETM1	.	.	.	.	.	2	.	.	.	.	.	.
5834	PYGB	.	.	.	2	.	.	.	.	.	.	.	.
6843	VAMP1	1	.	.	.	.	.	.	.	.	.	.	.
527	ATP6V0C	.	.	.	.	.	2	2	.	.	.	.	.
11151	CORO1A	.	.	.	.	.	.	.	.	.	.	.	2
5912	RAP2B	.	.	.	1	.	.	.	.	.	.	.	.
2912	GRM2	1	2	.	1	.	.	.	.	.	.	.	.
284069	FAM171A2	.	.	.	.	.	.	.	.	.	.	2	.
4735	SEPTIN2	.	.	.	1	.	.	.	.	.	.	2	.
25813	SAMM50	1	.	.	.	.	.	.	2	.	.	.	.
498	ATP5F1A	1	.	.	1	.	.	.	.	.	.	.	.
4282	MIF	2	.	2	.	2	.	.	3	.	.	.	3
3796	KIF2A	.	.	.	2	.	.	.	.	.	.	.	.
8522	GAS7	2	.	.	.	.	.	.	.	.	.	.	.
3880	KRT19	.	.	.	.	.	.	.	2	.	.	.	.
5860	QDPR	.	.	.	2	.	.	.	.	.	.	.	.
528	ATP6V1C1	4	.	.	.	.	.	.	.	.	.	.	.
816	CAMK2B	.	.	.	1	.	.	.	.	.	.	.	.
1974	EIF4A2	.	.	.	2	.	.	.	.	.	.	2	.
7170	TPM3	.	.	.	2	.	.	.	.	.	.	.	.
1901	S1PR1	2	.	.	.	.	.	.	2	.	.	.	1
3708	ITPR1	1	.	.	.	.	.	.	.	.	.	.	1
547	KIF1A	.	.	.	.	.	.	2	.	.	.	.	.
1501	CTNND2	1	1	.	1	.	.	2	.	.	.	.	.
4133	MAP2	2	.	.	1	.	2	.	.	2	.	.	.
10612	TRIM3	.	.	.	1	.	.	.	.	.	.	.	.
463	ZFHX3	.	.	.	.	.	.	.	.	.	2	.	.
11099	PTPN21	.	.	.	2	.	.	.	.	.	.	.	.
2054	STX2	1	.	.	.	.	.	.	.	.	.	.	.
5354	PLP1	.	.	.	1	.	.	.	.	.	.	.	1
5414	SEPTIN4	.	.	.	2	.	.	.	.	.	.	.	.
4741	NEFM	1	.	.	1	.	.	.	.	.	.	.	.
4706	NDUFAB1	.	2	3	2	3	.	.	.	.	.	.	.
30818	KCNIP3	1	.	.	.	.	2	.	.	.	.	.	.
522	ATP5PF	.	.	.	.	.	.	.	2	.	.	.	.
3831	KLC1	1	.	.	1	.	.	.	2	.	.	.	2
23526	ARHGAP45	2	.	.	.	.	.	.	.	.	.	.	.
51678	MPP6	.	3	2	1	2	.	.	.	.	.	.	.
200734	SPRED2	.	1	.	.	.	.	.	1	.	.	.	.
4698	NDUFA5	.	.	2	.	2	.	.	.	.	.	.	.
93974	ATP5IF1	.	.	.	.	.	.	.	.	.	1	.	.
2572	GAD2	1	.	.	2	.	2	.	.	1	2	.	.
54769	DIRAS2	.	.	.	.	.	.	.	.	.	.	.	3
255057	CBARP	2	.	.	.	.	.	.	.	.	.	.	.
51075	TMX2	.	.	.	1	.	.	.	.	.	.	.	.
3208	HPCA	.	.	.	.	.	.	.	.	.	3	.	.
501	ALDH7A1	.	.	.	.	.	3	.	.	2	.	.	.
54472	TOLLIP	1	.	.	.	.	.	.	.	2	.	.	.
4645	MYO5B	.	.	.	1	.	.	.	.	.	.	.	.
10814	CPLX2	.	.	.	2	.	.	.	.	.	.	.	.
1727	CYB5R3	.	.	.	.	.	.	2	.	.	.	.	.
192683	SCAMP5	.	.	2	.	2	.	.	.	.	.	.	.
4722	NDUFS3	1	.	.	1	.	.	.	.	.	.	.	.
4713	NDUFB7	.	1	2	2	2	.	3	.	.	.	.	.
5187	PER1	.	.	2	.	2	.	.	.	.	.	.	.
26034	IPCEF1	.	.	.	.	.	.	.	3	.	3	.	.
26993	AKAP8L	.	.	.	.	.	.	.	.	2	.	.	.
361	AQP4	.	.	3	.	3	2	.	3	.	.	2	3
57709	SLC7A14	.	2	.	1	.	.	.	.	.	.	.	.
1738	DLD	.	.	.	2	.	.	.	.	.	.	.	.
7184	HSP90B1	.	1	.	.	.	.	.	.	.	.	.	.
114876	OSBPL1A	1	.	.	.	.	.	.	.	.	.	.	.
3098	HK1	1	.	.	1	.	.	.	.	.	.	.	.
9218	VAPA	.	2	.	.	.	.	.	.	.	.	.	.
2898	GRIK2	.	2	2	1	2	.	2	.	2	.	.	2
6647	SOD1	1	.	.	1	.	2	.	1	1	1	.	1
9927	MFN2	.	.	.	.	.	.	.	1	.	.	.	.
5163	PDK1	1	.	.	.	.	.	.	.	.	.	.	.
54205	CYCS	1	.	.	.	.	.	.	.	.	.	.	.
999	CDH1	.	.	.	.	.	.	.	1	1	.	.	.
629	CFB	.	.	.	.	.	.	.	1	.	.	.	.
8864	PER2	.	1	.	.	.	2	.	.	.	.	.	.
9368	SLC9A3R1	.	.	.	1	.	.	.	.	.	.	.	.
7137	TNNI3	.	.	.	.	.	.	.	2	.	.	.	.
3791	KDR	1	.	2	.	2	.	.	1	.	.	.	.
7037	TFRC	.	.	.	.	.	.	.	.	.	2	.	.
2890	GRIA1	1	2	.	1	.	2	.	.	.	.	.	.
818	CAMK2G	1	.	.	.	.	.	.	.	.	.	.	.
5362	PLXNA2	.	.	.	2	.	.	.	.	.	.	.	.
2775	GNAO1	.	.	.	.	.	1	.	.	.	.	.	.
10815	CPLX1	.	.	.	.	.	.	.	.	.	2	.	.
2257	FGF12	.	2	.	1	.	.	.	.	.	.	.	.
1496	CTNNA2	2	2	.	.	.	.	.	1	.	.	.	.
64837	KLC2	.	.	.	.	.	.	2	.	.	.	.	.
9294	S1PR2	.	.	.	.	.	.	.	.	.	.	.	1
5339	PLEC	.	.	.	1	.	.	.	.	.	.	.	.
214	ALCAM	.	.	.	.	.	.	.	.	.	.	.	2
2913	GRM3	.	2	.	1	.	.	.	.	.	.	.	2
7781	SLC30A3	1	.	.	2	.	.	.	.	.	1	.	.
54106	TLR9	2	.	.	.	.	.	.	1	.	2	.	3
1129	CHRM2	2	1	.	.	.	.	.	.	.	.	.	.
6507	SLC1A3	2	.	.	2	.	2	.	2	.	.	.	2
25977	NECAP1	.	.	.	.	.	2	.	.	.	.	.	.
1947	EFNB1	.	.	.	1	.	.	.	.	.	.	.	.
6855	SYP	1	.	.	.	.	.	2	.	.	.	2	.
6861	SYT5	.	.	.	2	.	.	.	.	.	.	.	.
6529	SLC6A1	.	.	.	.	.	2	2	.	.	.	.	.
160	AP2A1	.	.	.	.	.	.	.	.	.	.	1	.
140679	SLC32A1	.	.	.	2	.	.	.	.	.	.	.	.
6572	SLC18A3	2	.	.	.	.	.	2	.	.	.	.	.
3304	HSPA1B	.	.	.	1	.	.	.	2	.	.	.	1
30968	STOML2	.	.	.	.	.	.	2	.	.	.	.	.
10469	TIMM44	.	.	.	1	.	.	.	.	.	.	.	.
1327	COX4I1	1	.	.	.	.	.	.	.	.	.	.	.
3030	HADHA	.	.	.	.	.	.	.	2	.	.	.	.
10476	ATP5PD	1	.	.	1	.	.	.	.	.	.	.	.
259266	ASPM	.	.	.	.	.	.	2	.	.	.	.	.
1182	CLCN3	.	.	.	2	.	.	.	.	.	.	.	.
6204	RPS10	.	.	.	2	.	.	.	.	.	.	.	.
203	AK1	.	.	.	1	.	.	.	.	.	.	.	.
2125	EVPL	.	.	.	.	.	.	.	.	.	.	2	.
5245	PHB	.	.	.	1	.	.	.	.	.	.	.	.
10550	ARL6IP5	.	.	.	.	.	.	.	2	.	.	.	.
23284	ADGRL3	.	.	.	2	.	3	.	.	.	.	.	.
23408	SIRT5	2	.	.	.	.	.	.	.	.	.	.	.
3192	HNRNPU	.	.	.	1	.	.	2	.	.	.	.	.
2266	FGG	2	.	.	.	.	.	.	.	.	2	.	.
7168	TPM1	.	.	.	1	.	.	.	1	.	.	.	.
6128	RPL6	.	.	.	.	.	.	.	1	.	.	.	.
4723	NDUFV1	.	.	.	1	.	.	.	.	.	.	.	.
10908	PNPLA6	.	.	.	.	.	.	3	.	.	.	.	.
506	ATP5F1B	.	.	.	.	.	.	.	2	.	.	.	.
829	CAPZA1	.	.	.	.	.	.	.	1	.	.	.	.
3703	STT3A	.	2	2	2	2	.	.	.	.	.	.	.
3006	H1-2	1	.	.	.	.	.	.	1	.	.	.	.
116986	AGAP2	.	.	.	.	.	.	.	.	.	.	.	2
3008	H1-4	.	.	.	1	.	.	.	.	.	.	.	.
9126	SMC3	.	.	.	.	.	.	2	.	.	.	.	.
3308	HSPA4	1	.	.	.	.	.	.	1	1	1	.	1
5858	PZP	3	.	.	.	.	.	.	.	.	.	.	.
10514	MYBBP1A	.	.	2	.	2	.	.	.	.	.	.	.
477	ATP1A2	.	.	.	.	.	2	.	2	.	.	.	.
118987	PDZD8	.	2	.	1	.	.	.	.	.	.	.	.
302	ANXA2	.	1	.	1	.	.	.	1	.	.	.	.
1767	DNAH5	.	2	.	1	.	.	.	.	.	.	.	.
26059	ERC2	.	1	.	1	.	.	.	.	.	.	.	.
3710	ITPR3	.	.	.	.	.	.	.	.	2	.	.	.
1821	DRP2	.	.	2	.	2	.	.	.	.	.	.	.
6566	SLC16A1	.	.	.	.	.	2	.	.	.	.	.	.
5550	PREP	.	.	.	.	.	.	.	.	.	.	.	1
4916	NTRK3	.	2	1	1	1	.	.	.	.	.	.	.
10326	SIRPB1	.	.	.	2	.	.	.	.	.	.	3	.
6326	SCN2A	.	.	2	1	2	1	2	.	.	.	.	.
7846	TUBA1A	.	.	.	1	.	.	.	.	.	.	.	.
203068	TUBB	.	.	.	1	.	.	.	.	.	.	1	.
6520	SLC3A2	.	.	.	.	.	.	.	.	.	.	2	.
4976	OPA1	.	.	.	1	.	.	.	2	.	.	.	2
55832	CAND1	.	.	.	.	.	.	.	.	.	.	1	.
6207	RPS13	.	2	.	1	.	.	.	.	.	.	.	.
6712	SPTBN2	.	2	.	.	.	.	.	.	.	.	.	.
8997	KALRN	1	.	.	1	.	.	.	.	.	.	.	.
51024	FIS1	1	.	.	.	.	.	.	.	.	.	.	.
2022	ENG	.	.	.	.	.	.	.	2	.	.	.	.
3337	DNAJB1	.	2	.	1	.	.	2	1	.	.	.	.
249	ALPL	2	.	.	.	.	2	1	.	.	.	.	.
10487	CAP1	.	.	.	1	.	.	.	.	.	.	.	.
1465	CSRP1	.	.	.	.	.	.	.	.	.	.	2	.
308	ANXA5	.	.	.	2	.	.	.	1	.	.	.	.
10497	UNC13B	.	.	.	.	.	.	.	.	.	1	.	.
5144	PDE4D	.	.	.	1	.	.	2	1	.	.	.	.
6854	SYN2	.	1	1	1	1	1	.	.	.	.	.	.
5306	PITPNA	.	.	.	2	.	.	.	.	.	.	.	.
27347	STK39	.	.	2	.	2	.	.	1	.	2	.	.
11113	CIT	.	2	.	2	.	.	.	.	.	.	.	.
2036	EPB41L1	.	.	.	2	.	.	1	.	.	.	.	.
8502	PKP4	.	.	.	1	.	.	.	.	.	.	.	.
5478	PPIA	.	.	.	1	.	.	.	.	.	.	.	.
382	ARF6	.	.	.	.	.	2	.	.	.	.	.	.
3737	KCNA2	.	.	.	.	.	1	.	.	.	.	.	.
291	SLC25A4	.	2	.	.	.	.	.	.	.	.	.	.
5868	RAB5A	1	.	.	.	.	.	.	.	.	.	.	.
230	ALDOC	2	.	.	1	.	.	.	.	.	.	.	.
2869	GRK5	.	.	.	1	.	.	.	.	.	.	.	.
7402	UTRN	.	.	.	.	.	2	.	.	.	.	.	.
2784	GNB3	1	3	.	1	.	2	.	2	.	.	.	.
158358	KIAA2026	.	.	.	.	.	.	.	.	.	.	.	2
56899	ANKS1B	.	2	1	1	1	.	.	.	.	.	.	.
2629	GBA	2	.	.	.	.	2	.	2	.	1	.	.
481	ATP1B1	.	.	.	.	.	.	.	1	.	.	.	.
4900	NRGN	1	.	.	1	.	.	2	.	.	2	.	.
2596	GAP43	.	.	.	1	.	.	.	.	.	.	.	.
5534	PPP3R1	1	.	.	1	.	.	.	.	.	.	.	.
2554	GABRA1	.	.	1	1	1	1	.	.	.	.	.	.
2555	GABRA2	.	1	1	1	1	1	.	.	.	.	.	.
2559	GABRA6	.	.	.	2	.	2	.	.	.	.	.	.
65018	PINK1	1	.	.	1	.	.	.	.	.	1	.	.
7317	UBA1	.	.	.	.	.	1	.	.	.	.	.	.
5286	PIK3C2A	.	2	.	1	.	.	.	.	.	.	.	.
6720	SREBF1	.	.	.	1	.	.	.	1	.	1	.	.
8537	BCAS1	.	2	.	2	.	.	.	.	.	.	.	.
25814	ATXN10	.	.	.	.	.	2	.	.	.	.	.	.
2566	GABRG2	1	1	1	1	1	1	.	.	.	.	.	.
3746	KCNC1	.	.	.	2	.	2	.	.	.	.	.	.
9475	ROCK2	.	.	.	.	.	.	.	1	.	.	.	.
1938	EEF2	2	.	.	.	.	.	.	.	.	.	.	.
10159	ATP6AP2	.	.	.	.	.	.	2	2	.	.	.	.
38	ACAT1	.	.	.	.	.	.	.	1	.	.	.	.
6801	STRN	.	.	.	2	.	.	.	.	.	.	.	.
1576	CYP3A4	1	.	.	1	.	2	.	.	.	.	.	.
5813	PURA	1	.	.	2	.	2	2	.	.	.	.	.
8428	STK24	2	.	.	.	.	.	.	.	.	.	.	.
3697	ITIH1	.	3	3	3	3	.	.	.	.	.	.	.
51400	PPME1	.	.	.	.	.	1	.	.	.	.	.	.
22933	SIRT2	2	.	.	.	.	.	.	.	2	2	.	.
5862	RAB2A	.	.	.	.	.	.	2	.	.	.	.	.
54862	CC2D1A	.	.	.	.	.	.	2	.	.	.	.	.
2747	GLUD2	.	.	.	.	.	.	.	.	.	2	3	.
28985	MCTS1	.	.	.	.	.	.	2	.	.	.	.	.
11160	ERLIN2	.	.	.	.	.	.	.	.	.	.	2	.
2746	GLUD1	.	.	.	1	.	2	.	.	.	.	1	.
116987	AGAP1	.	.	1	2	1	.	.	.	.	.	.	.
115	ADCY9	.	2	.	.	.	2	.	.	.	.	.	.
490	ATP2B1	1	.	.	.	.	.	.	1	.	.	.	.
493	ATP2B4	.	.	.	2	.	.	.	.	.	.	.	.
682	BSG	2	.	.	.	.	.	.	1	.	.	.	.
1266	CNN3	.	.	.	.	.	2	.	.	.	.	.	.
1968	EIF2S3	.	.	.	.	.	.	2	.	.	.	.	.
5110	PCMT1	1	.	.	1	.	.	.	.	.	.	.	.
5297	PI4KA	.	.	.	2	.	.	.	.	.	.	.	.
5902	RANBP1	.	.	.	2	.	.	.	.	.	.	.	.
8867	SYNJ1	1	2	.	.	.	.	.	.	.	1	.	.
9217	VAPB	.	.	.	1	.	.	.	.	.	.	.	.
9223	MAGI1	1	1	.	1	.	.	.	.	.	.	.	.
9321	TRIP11	.	.	.	.	.	.	.	.	.	2	.	.
9685	CLINT1	.	.	.	2	.	.	.	.	.	.	.	.
22848	AAK1	.	.	.	.	.	.	.	.	.	2	.	.
57447	NDRG2	2	.	.	.	.	.	.	.	.	.	.	.
57498	KIDINS220	1	.	.	.	.	.	.	.	.	.	.	.
79180	EFHD2	.	.	.	2	.	.	.	.	.	.	.	.
873	CBR1	.	.	.	1	.	.	.	.	.	.	2	.
26999	CYFIP2	.	2	.	.	.	.	.	.	.	.	.	.
523	ATP6V1A	.	.	.	1	.	.	.	.	.	.	.	.
8682	PEA15	.	.	.	1	.	.	.	.	.	.	.	.
6888	TALDO1	.	.	.	.	.	.	.	.	.	.	.	2
6500	SKP1	.	.	.	.	.	.	.	.	.	2	.	.
119	ADD2	.	.	.	.	.	.	.	2	.	.	.	.
55201	MAP1S	.	.	.	.	.	.	.	.	.	.	2	.
11261	CHP1	.	.	.	2	.	.	.	.	.	.	.	.
27020	NPTN	.	.	.	2	.	.	.	.	.	.	.	.
10160	FARP1	2	.	.	.	.	.	.	.	.	.	.	.
4726	NDUFS6	.	.	.	1	.	.	.	.	.	.	.	.
8604	SLC25A12	.	.	2	2	2	.	.	.	.	.	.	.
10632	ATP5MG	.	.	.	.	.	.	2	.	.	.	.	.
4729	NDUFV2	.	2	.	1	.	.	.	.	.	2	.	.
4719	NDUFS1	.	.	.	1	.	.	.	.	.	.	2	.
6389	SDHA	.	.	.	.	.	.	.	.	.	.	2	.
7384	UQCRC1	.	.	.	2	.	.	.	.	.	.	.	.
56993	TOMM22	.	.	.	.	.	.	.	.	.	1	.	.
537	ATP6AP1	.	.	.	.	.	.	2	.	.	.	.	.
57655	GRAMD1A	.	.	.	.	.	2	.	.	.	.	.	.
57609	DIP2B	.	.	.	.	.	.	1	.	.	.	.	.
3305	HSPA1L	.	.	.	1	.	.	.	1	.	.	.	.
8766	RAB11A	.	.	.	.	.	.	.	.	2	.	.	.
3029	HAGH	.	.	2	1	2	.	.	.	.	.	.	.
1650	DDOST	.	.	.	.	.	.	.	.	.	2	.	.
10409	BASP1	.	2	.	2	.	.	.	.	.	.	.	.
83696	TRAPPC9	.	.	.	.	.	.	1	.	.	.	.	.
56922	MCCC1	.	2	.	.	.	.	.	.	.	2	.	.
23352	UBR4	.	.	.	.	.	.	2	.	.	.	.	.
381	ARF5	.	.	.	.	.	.	.	.	.	.	2	.
205	AK4	.	.	.	.	.	.	.	.	.	2	.	.
374291	NDUFS7	.	.	.	1	.	.	.	.	.	.	.	.
5019	OXCT1	.	.	.	1	.	.	.	.	.	.	.	.
4967	OGDH	1	.	.	.	.	.	.	.	.	.	.	.
50	ACO2	1	.	.	2	.	.	.	.	.	.	.	.
4697	NDUFA4	.	2	.	.	.	.	.	.	.	.	.	.
7416	VDAC1	1	.	.	.	.	.	.	.	.	1	.	1
10109	ARPC2	.	.	.	.	.	3	.	.	.	.	.	.
23071	ERP44	.	.	.	.	.	.	.	2	.	.	.	.
23576	DDAH1	.	.	.	2	.	.	.	2	.	.	.	2
231	AKR1B1	.	.	.	.	.	.	.	.	.	.	1	.
25800	SLC39A6	2	.	.	.	.	.	.	.	.	.	.	.
526	ATP6V1B2	.	1	.	1	.	.	.	.	.	.	.	.
1666	DECR1	.	.	.	.	.	.	.	.	.	.	3	.
5096	PCCB	.	.	.	2	.	.	.	.	.	.	.	.
6950	TCP1	.	.	.	.	.	.	.	.	.	.	2	.
9211	LGI1	.	.	.	.	.	1	.	.	.	.	.	.
57863	CADM3	.	.	.	2	.	.	.	.	.	.	3	.
811	CALR	1	.	.	.	.	.	.	1	.	.	.	.
4897	NRCAM	.	.	2	.	2	.	.	.	.	.	.	.
8567	MADD	1	.	.	.	.	.	.	.	.	.	.	.
4978	OPCML	.	.	.	1	.	.	.	.	.	.	.	.
4744	NEFH	2	.	.	.	.	.	.	.	.	.	.	2
7203	CCT3	.	.	.	1	.	.	.	.	.	.	.	.
84687	PPP1R9B	.	.	.	2	.	.	.	.	.	.	.	.
3738	KCNA3	1	.	.	.	.	.	.	.	.	.	.	2
7280	TUBB2A	.	.	.	1	.	.	.	.	.	.	2	.
9550	ATP6V1G1	.	2	.	.	.	.	.	.	.	.	.	.
9446	GSTO1	2	.	.	.	.	.	.	2	.	.	.	.
55512	SMPD3	2	.	.	1	.	.	.	.	.	.	.	.
9568	GABBR2	.	.	1	1	1	1	.	.	.	.	.	.
7345	UCHL1	1	.	.	1	.	.	.	.	2	1	.	.
7511	XPNPEP1	.	.	.	.	.	.	.	2	.	.	.	.
84152	PPP1R1B	.	2	2	1	2	.	.	.	.	.	.	.
57662	CAMSAP3	.	.	.	.	.	.	2	.	.	.	.	.
8825	LIN7A	.	.	.	.	.	.	1	.	.	.	.	.
8777	MPDZ	.	.	.	1	.	.	.	.	.	.	.	.
9495	AKAP5	.	2	.	.	.	.	.	.	.	.	.	.
9901	SRGAP3	.	.	.	.	.	.	2	.	.	.	.	.
55690	PACS1	.	.	.	.	.	.	2	.	.	.	.	.
491	ATP2B2	.	.	2	.	2	.	.	.	.	.	.	.
6710	SPTB	.	.	.	.	.	.	.	.	.	.	3	.
784	CACNB3	.	1	.	.	.	.	.	.	.	.	.	.
8506	CNTNAP1	.	.	.	.	.	.	.	.	.	.	2	.
675	BRCA2	.	1	.	.	.	.	.	.	.	.	.	.
18	ABAT	.	.	2	.	2	2	.	.	.	.	.	.
8853	ASAP2	.	.	.	.	.	.	.	.	.	.	.	1
6000	RGS7	.	.	.	.	.	.	.	.	.	.	.	2
3568	IL5RA	.	.	.	1	.	.	.	.	.	.	.	2
43	ACHE	1	.	.	.	.	.	.	.	.	1	.	.
84894	LINGO1	.	.	.	1	.	.	.	.	.	1	.	1
51596	CUTA	.	.	.	.	.	.	2	.	.	.	.	.
9948	WDR1	2	.	.	1	.	.	.	.	.	.	.	.
830	CAPZA2	.	.	.	.	.	.	.	.	.	.	.	2
93664	CADPS2	.	.	2	.	2	.	3	.	.	.	.	.
5230	PGK1	.	.	.	1	.	.	.	.	.	.	.	.
23154	NCDN	.	.	.	.	.	.	.	.	.	.	2	.
6506	SLC1A2	2	.	.	1	.	2	.	.	.	2	.	2
9693	RAPGEF2	.	.	.	.	.	1	.	.	.	.	.	.
864	RUNX3	1	.	.	.	.	.	.	.	.	.	.	.
7857	SCG2	.	.	.	.	.	.	.	2	.	.	.	.
5538	PPT1	.	.	.	2	.	.	.	.	.	.	.	.
722	C4BPA	2	.	.	.	.	.	.	.	.	.	.	.
6447	SCG5	.	.	2	.	2	.	.	.	.	.	.	.
5481	PPID	2	.	.	.	.	.	.	.	.	.	.	.
780	DDR1	.	.	.	2	.	.	.	.	.	.	.	.
5908	RAP1B	.	2	.	.	.	.	.	.	.	.	.	.
6391	SDHC	.	2	.	1	.	.	.	.	.	.	.	.
48	ACO1	2	.	.	.	.	.	.	.	.	.	.	.
9868	TOMM70	.	.	.	.	.	.	.	.	.	1	.	.
8936	WASF1	1	.	.	.	.	.	.	.	.	.	.	.
8239	USP9X	.	.	.	.	.	.	1	.	.	.	.	.
136332	LRGUK	2	.	.	.	.	.	.	.	.	.	.	.
84932	RAB2B	.	.	2	.	2	.	.	.	.	.	.	.
83659	TEKT1	.	2	.	.	.	.	.	.	.	.	.	.
54734	RAB39A	.	2	2	2	2	.	.	.	.	.	.	.
8671	SLC4A4	.	.	.	.	.	.	2	1	.	.	.	.
60412	EXOC4	2	.	.	.	.	.	.	.	.	.	.	.
8831	SYNGAP1	.	.	2	1	2	2	1	.	.	.	.	.
80823	BHLHB9	2	.	.	.	.	.	.	.	.	.	.	.
85300	ATCAY	.	.	.	1	.	.	.	.	.	.	.	.
5255	PHKA1	.	.	.	.	.	.	3	.	.	.	.	.
23413	NCS1	2	1	.	2	.	.	.	.	.	.	.	.
9145	SYNGR1	.	2	.	2	.	.	.	.	.	.	.	.
5832	ALDH18A1	1	.	.	.	.	.	.	.	.	.	.	.
6233	RPS27A	.	2	.	.	.	.	.	.	.	.	.	.
7447	VSNL1	2	.	.	2	.	.	.	.	.	.	.	.
6505	SLC1A1	1	.	2	1	2	2	.	.	.	.	.	2
57111	RAB25	.	.	.	.	.	.	.	.	.	4	.	.
29106	SCG3	1	.	.	.	.	.	.	.	.	.	.	.
718	C3	1	.	.	.	.	2	.	1	.	3	.	1
25824	PRDX5	.	.	.	.	.	.	.	.	.	2	.	.
9892	SNAP91	2	2	.	.	.	.	.	.	.	.	.	.
16	AARS1	.	.	.	.	.	3	.	.	.	.	.	.
4648	MYO7B	2	.	.	.	.	.	.	.	.	.	.	.
9162	DGKI	.	.	.	2	.	.	.	.	.	.	.	.
6533	SLC6A6	.	.	.	.	.	.	.	1	.	.	.	.
6697	SPR	.	3	.	.	.	.	.	.	.	2	.	.
6328	SCN3A	.	.	2	.	2	2	.	.	.	.	.	.
56256	SERTAD4	.	.	.	2	.	.	.	.	.	.	.	.
8473	OGT	.	.	.	.	.	.	.	2	.	.	.	.
4336	MOBP	1	.	.	.	.	.	.	.	.	.	2	.
57537	SORCS2	.	.	.	.	.	1	.	.	.	.	.	.
64324	NSD1	.	.	.	.	.	.	2	.	.	.	.	.
9118	INA	.	.	.	1	.	.	.	.	.	.	.	.
25885	POLR1A	.	.	.	.	.	3	.	.	.	.	.	.
489	ATP2A3	.	2	.	1	.	.	.	.	.	.	.	.
9900	SV2A	.	.	.	1	.	2	.	.	.	.	.	.
7879	RAB7A	1	.	.	.	.	.	.	.	.	2	.	.
7881	KCNAB1	.	.	.	.	.	3	.	.	.	.	.	.
767	CA8	.	.	.	2	.	.	2	.	.	.	.	.
7504	XK	.	.	.	1	.	.	.	.	.	.	.	.
7466	WFS1	.	.	.	.	2	.	.	.	.	.	.	.
760	CA2	2	.	.	1	.	.	.	.	.	.	.	.
6620	SNCB	.	.	.	.	.	.	.	.	.	2	.	.
3751	KCND2	.	.	2	.	2	2	.	.	.	.	.	.
59	ACTA2	.	.	.	.	.	.	.	3	.	.	.	.
6390	SDHB	.	.	.	.	.	.	.	.	.	2	.	.
23325	WASHC4	3	.	.	.	.	.	3	.	.	.	.	.
8774	NAPG	.	2	.	.	.	.	.	.	.	.	.	.
90580	TIMM29	.	.	.	.	.	.	3	.	.	.	.	.
93185	IGSF8	.	.	.	.	.	.	.	.	.	.	2	.
84557	MAP1LC3A	.	.	.	.	.	.	.	.	.	2	.	.
79791	FBXO31	.	.	.	.	.	.	2	.	.	.	.	.
6515	SLC2A3	2	.	.	.	.	.	.	.	2	.	.	.
6134	RPL10	.	.	3	.	3	.	.	.	.	.	.	.
6509	SLC1A4	.	.	.	2	.	.	.	.	.	.	.	.
57465	TBC1D24	.	.	.	.	.	2	2	.	.	.	.	.
57553	MICAL3	.	.	.	.	.	.	.	2	.	.	.	.
8568	RRP1	.	.	.	.	.	3	.	.	.	.	.	.
55967	NDUFA12	1	.	.	.	.	.	.	.	.	.	.	.
8289	ARID1A	.	.	.	.	.	.	2	.	.	.	.	.
9520	NPEPPS	1	.	.	.	.	.	.	.	.	.	.	1
6327	SCN2B	.	.	.	.	.	1	.	3	.	.	.	.
