HDO.ID	Disease.long	Disease	N	HDO.ID	Disease.long	Disease	N	sAB	Separated	Overlap	zScore	pvalue	Separation/Overlap.than.chance	Bonferroni	q-value	HDO.ID	Disease.long	Disease	N	HDO.ID	Disease.long	Disease	N	sAB	Separated	Overlap	zScore	pvalue	Separation/Overlap.than.chance	Bonferroni	q-value	HDO.ID	Disease.long	Disease	N	HDO.ID	Disease.long	Disease	N	sAB	Separated	Overlap	zScore	pvalue	Separation/Overlap.than.chance	Bonferroni	q-value
DOID:10652	Alzheimer's_disease	AD	259	DOID:10652	Alzheimer's_disease	AD	259	0	.	.	0	1	larger	.	1	DOID:10652	Alzheimer's_disease	AD	388	DOID:10652	Alzheimer's_disease	AD	388	0	.	.	0	1	larger	.	1	DOID:10652	Alzheimer's_disease	AD	508	DOID:10652	Alzheimer's_disease	AD	508	0	.	.	0	1	larger	.	1
DOID:10652	Alzheimer's_disease	AD	259	DOID:3312	Bipolar_disorder	BD	127	-0.249547559530832	.	YES	-2.44895286977119	0.0143272193860997	Smaller	.	0.0588507009134401	DOID:10652	Alzheimer's_disease	AD	388	DOID:3312	Bipolar_disorder	BD	188	-0.203593395847042	.	YES	-2.54271751826461	0.010999411401453	Smaller	.	0.0428977044656667	DOID:10652	Alzheimer's_disease	AD	508	DOID:3312	Bipolar_disorder	BD	297	-0.175021633494759	.	YES	-2.14657986055221	0.0318267446654239	Smaller	.	0.0856029684104505
DOID:10652	Alzheimer's_disease	AD	259	DOID:12849	Autistic_disorder	AUT	95	-0.102817396216147	.	YES	-0.745983925506895	0.455677125368891	Smaller	.	0.826577111134267	DOID:10652	Alzheimer's_disease	AD	388	DOID:12849	Autistic_disorder	AUT	153	-0.139400862326116	.	YES	-1.8045346872956	0.0711475264395042	Smaller	.	0.221980282491253	DOID:10652	Alzheimer's_disease	AD	508	DOID:12849	Autistic_disorder	AUT	209	-0.128183993016568	.	YES	-2.20975189584691	0.0271223859083147	Smaller	.	0.0813671577249441
DOID:10652	Alzheimer's_disease	AD	259	DOID:5419	Schizophrenia	SCH	366	-0.416021672257738	.	YES	-4.22525969047221	2.38665390743116e-05	Smaller	**	0.000465397511949076	DOID:10652	Alzheimer's_disease	AD	388	DOID:5419	Schizophrenia	SCH	535	-0.342069329194911	.	YES	-4.21819101803709	2.46270149835007e-05	Smaller	**	0.000213434129857006	DOID:10652	Alzheimer's_disease	AD	508	DOID:5419	Schizophrenia	SCH	694	-0.321835758317136	.	YES	-5.57691236319136	2.44825128011624e-08	Smaller	***	2.72805142641524e-07
DOID:10652	Alzheimer's_disease	AD	259	DOID:0060041	Autism_Spectrum_Disorder	ASD	97	-0.101128179692989	.	YES	-0.603364972829248	0.546265918603275	Smaller	.	0.887682117730322	DOID:10652	Alzheimer's_disease	AD	388	DOID:0060041	Autism_Spectrum_Disorder	ASD	154	-0.138557637249957	.	YES	-1.77323157660918	0.0761903417172043	Smaller	.	0.228571025151613	DOID:10652	Alzheimer's_disease	AD	508	DOID:0060041	Autism_Spectrum_Disorder	ASD	212	-0.133212210501989	.	YES	-2.27043505680834	0.0231811994733981	Smaller	.	0.0753388982885438
DOID:10652	Alzheimer's_disease	AD	259	DOID:1826	Epilepsy_syndrome	Epi	138	-0.284488456101642	.	YES	-2.82462047338193	0.00473366491056088	Smaller	.	0.0252084324841958	DOID:10652	Alzheimer's_disease	AD	388	DOID:1826	Epilepsy_syndrome	Epi	228	-0.255967061515081	.	YES	-3.23354043746641	0.00122266025686285	Smaller	.	0.00635783333568682	DOID:10652	Alzheimer's_disease	AD	508	DOID:1826	Epilepsy_syndrome	Epi	288	-0.23352387759005	.	YES	-4.01895001195233	5.84580705548237e-05	Smaller	**	0.000325694964519732
DOID:10652	Alzheimer's_disease	AD	259	DOID:1059	Intellectual_Disability	ID	103	-0.0678454985433476	.	YES	0.201666800889762	0.840177218361535	larger	.	1	DOID:10652	Alzheimer's_disease	AD	388	DOID:1059	Intellectual_Disability	ID	159	-0.0501610080199082	.	YES	0.417604739503714	0.676236130975159	larger	.	0.98460784780317	DOID:10652	Alzheimer's_disease	AD	508	DOID:1059	Intellectual_Disability	ID	240	-0.0686878043987817	.	YES	0.141165043032161	0.887739561106232	larger	.	1
DOID:10652	Alzheimer's_disease	AD	259	DOID:10763	Hypertension	HTN	132	-0.287875309294747	.	YES	-2.99090353768721	0.00278153343676373	Smaller	.	0.0166892006205824	DOID:10652	Alzheimer's_disease	AD	388	DOID:10763	Hypertension	HTN	195	-0.261477919409256	.	YES	-3.84341238731588	0.000121335327935937	Smaller	**	0.000860377779909371	DOID:10652	Alzheimer's_disease	AD	508	DOID:10763	Hypertension	HTN	298	-0.265245537976879	.	YES	-4.88658714016121	1.02598928147749e-06	Smaller	***	6.66893032960369e-06
DOID:10652	Alzheimer's_disease	AD	259	DOID:12858	Huntington's_disease	HD	43	-0.0212325480306383	.	YES	-1.90897147418458	0.0562657716373219	Smaller	.	0.182863757821296	DOID:10652	Alzheimer's_disease	AD	388	DOID:12858	Huntington's_disease	HD	58	0.0878889094355324	YES	.	-0.76792558802803	0.442531394498964	Smaller	.	0.79541558267978	DOID:10652	Alzheimer's_disease	AD	508	DOID:12858	Huntington's_disease	HD	84	0.0476583163591038	YES	.	-1.43447430061801	0.151436957795815	Smaller	.	0.30287391559163
DOID:10652	Alzheimer's_disease	AD	259	DOID:14330	Parkinson's_disease	PD	108	-0.357835842849467	.	YES	-4.95058858952299	7.3989367181633e-07	Smaller	***	1.92372354672246e-05	DOID:10652	Alzheimer's_disease	AD	388	DOID:14330	Parkinson's_disease	PD	167	-0.278092338588357	.	YES	-4.80352800147929	1.55894075908139e-06	Smaller	***	1.73710541726212e-05	DOID:10652	Alzheimer's_disease	AD	508	DOID:14330	Parkinson's_disease	PD	222	-0.235819143488219	.	YES	-5.05578031667628	4.28634520977064e-07	Smaller	***	3.03940842147373e-06
DOID:10652	Alzheimer's_disease	AD	259	DOID:9255	Frontotemporal_dementia	FTD	81	-0.0628645452174863	.	YES	-0.607207016273101	0.543713536549331	Smaller	.	0.887682117730322	DOID:10652	Alzheimer's_disease	AD	388	DOID:9255	Frontotemporal_dementia	FTD	102	0.013144123628833	YES	.	-0.0887254964523412	0.929300069204114	Smaller	.	1	DOID:10652	Alzheimer's_disease	AD	508	DOID:9255	Frontotemporal_dementia	FTD	121	0.0250978626489173	YES	.	-0.480082650154024	0.63116862456177	Smaller	.	0.834426317217255
DOID:10652	Alzheimer's_disease	AD	259	DOID:2377	Multiple_Sclerosis	MS	96	-0.254939037377418	.	YES	-3.34766810930137	0.00081494544118607	Smaller	.	0.00706286049027927	DOID:10652	Alzheimer's_disease	AD	388	DOID:2377	Multiple_Sclerosis	MS	134	-0.181344212106902	.	YES	-3.28667944369186	0.00101376161614741	Smaller	.	0.00564810043282128	DOID:10652	Alzheimer's_disease	AD	508	DOID:2377	Multiple_Sclerosis	MS	199	-0.204147008864053	.	YES	-4.56093864000726	5.09254620607004e-06	Smaller	***	3.05552772364202e-05
DOID:3312	Bipolar_disorder	BD	127	DOID:3312	Bipolar_disorder	BD	127	0	.	.	0	1	larger	.	1	DOID:3312	Bipolar_disorder	BD	188	DOID:3312	Bipolar_disorder	BD	188	0	.	.	0	1	larger	.	1	DOID:3312	Bipolar_disorder	BD	297	DOID:3312	Bipolar_disorder	BD	297	0	.	.	0	1	larger	.	1
DOID:3312	Bipolar_disorder	BD	127	DOID:12849	Autistic_disorder	AUT	95	-0.366460202432022	.	YES	-3.90945819462405	9.25033616520558e-05	Smaller	**	0.00144305244177207	DOID:3312	Bipolar_disorder	BD	188	DOID:12849	Autistic_disorder	AUT	153	-0.495535159010673	.	YES	-7.86655484233625	3.64540956697569e-15	Smaller	***	8.79400919932532e-14	DOID:3312	Bipolar_disorder	BD	297	DOID:12849	Autistic_disorder	AUT	209	-0.456306004360924	.	YES	-9.60060748147263	7.94746191549923e-22	Smaller	***	2.0663400980298e-20
DOID:3312	Bipolar_disorder	BD	127	DOID:5419	Schizophrenia	SCH	366	-0.42737344378024	.	YES	-7.00616523953421	2.44938619638996e-12	Smaller	***	9.55260616592084e-11	DOID:3312	Bipolar_disorder	BD	188	DOID:5419	Schizophrenia	SCH	535	-0.473249846602018	.	YES	-10.7373690640098	6.7953303116908e-27	Smaller	***	2.65017882155941e-25	DOID:3312	Bipolar_disorder	BD	297	DOID:5419	Schizophrenia	SCH	694	-0.542294843521736	.	YES	-15.0233092362995	5.16627855717267e-51	Smaller	***	2.01484863729734e-49
DOID:3312	Bipolar_disorder	BD	127	DOID:0060041	Autism_Spectrum_Disorder	ASD	97	-0.358046658471815	.	YES	-3.72081408859465	0.000198581592204721	Smaller	*	0.00258156069866137	DOID:3312	Bipolar_disorder	BD	188	DOID:0060041	Autism_Spectrum_Disorder	ASD	154	-0.490668361748989	.	YES	-7.83988065835658	4.50974830734632e-15	Smaller	***	8.79400919932532e-14	DOID:3312	Bipolar_disorder	BD	297	DOID:0060041	Autism_Spectrum_Disorder	ASD	212	-0.45532093119853	.	YES	-9.4422406426158	3.64891618307012e-21	Smaller	***	7.11538655698673e-20
DOID:3312	Bipolar_disorder	BD	127	DOID:1826	Epilepsy_syndrome	Epi	138	-0.257697996938242	.	YES	-2.06485577673091	0.0389366484942057	Smaller	.	0.138048117388547	DOID:3312	Bipolar_disorder	BD	188	DOID:1826	Epilepsy_syndrome	Epi	228	-0.201646710885232	.	YES	-1.89496168487364	0.0580974779430163	Smaller	.	0.205981967252512	DOID:3312	Bipolar_disorder	BD	297	DOID:1826	Epilepsy_syndrome	Epi	288	-0.137581746956747	.	YES	-0.954523218801914	0.339818861988613	Smaller	.	0.540936147655343
DOID:3312	Bipolar_disorder	BD	127	DOID:1059	Intellectual_Disability	ID	103	-0.102975440649066	.	YES	0.171456528648905	0.86386480933773	larger	.	1	DOID:3312	Bipolar_disorder	BD	188	DOID:1059	Intellectual_Disability	ID	159	-0.11596083074862	.	YES	-0.351322009346783	0.725346784944219	Smaller	.	0.995555939175719	DOID:3312	Bipolar_disorder	BD	297	DOID:1059	Intellectual_Disability	ID	240	-0.10432913868668	.	YES	-0.34361211804276	0.731138010164193	Smaller	.	0.919818786980759
DOID:3312	Bipolar_disorder	BD	127	DOID:10763	Hypertension	HTN	132	-0.121176076884738	.	YES	0.133849869803946	0.893521291563794	larger	.	1	DOID:3312	Bipolar_disorder	BD	188	DOID:10763	Hypertension	HTN	195	-0.084570693366038	.	YES	0.517515089344415	0.604796638278383	larger	.	0.962737505830895	DOID:3312	Bipolar_disorder	BD	297	DOID:10763	Hypertension	HTN	298	-0.0774704254964815	.	YES	0.705528437403843	0.480481441250822	larger	.	0.694028748473409
DOID:3312	Bipolar_disorder	BD	127	DOID:12858	Huntington's_disease	HD	43	-0.0275622865883214	.	YES	-0.38332519224752	0.701478662483625	Smaller	.	1	DOID:3312	Bipolar_disorder	BD	188	DOID:12858	Huntington's_disease	HD	58	0.0626837917315344	YES	.	0.67685759066134	0.498496314026363	larger	.	0.845276358566442	DOID:3312	Bipolar_disorder	BD	297	DOID:12858	Huntington's_disease	HD	84	0.0898713418398456	YES	.	1.20433337736265	0.228460750953614	larger	.	0.414417176148416
DOID:3312	Bipolar_disorder	BD	127	DOID:14330	Parkinson's_disease	PD	108	-0.206989197272327	.	YES	-1.39880627386815	0.161871084428314	Smaller	.	0.420864819513616	DOID:3312	Bipolar_disorder	BD	188	DOID:14330	Parkinson's_disease	PD	167	-0.147928820213932	.	YES	-0.92676070304401	0.354050792317519	Smaller	.	0.65752290001825	DOID:3312	Bipolar_disorder	BD	297	DOID:14330	Parkinson's_disease	PD	222	-0.117133949503891	.	YES	-0.81443864513152	0.415393707406177	Smaller	.	0.623090561109265
DOID:3312	Bipolar_disorder	BD	127	DOID:9255	Frontotemporal_dementia	FTD	81	-0.0741203423290036	.	YES	0.217772969398147	0.827606006402254	larger	.	1	DOID:3312	Bipolar_disorder	BD	188	DOID:9255	Frontotemporal_dementia	FTD	102	-0.0344047156646958	.	YES	0.410210434817245	0.681651586940656	larger	.	0.98460784780317	DOID:3312	Bipolar_disorder	BD	297	DOID:9255	Frontotemporal_dementia	FTD	121	0.030077489407633	YES	.	1.11335479153704	0.265556083056475	larger	.	0.460297210631223
DOID:3312	Bipolar_disorder	BD	127	DOID:2377	Multiple_Sclerosis	MS	96	-0.131554139743182	.	YES	-0.358564173882708	0.719921151975237	Smaller	.	1	DOID:3312	Bipolar_disorder	BD	188	DOID:2377	Multiple_Sclerosis	MS	134	-0.14657196704465	.	YES	-1.21728297721056	0.223496568755729	Smaller	.	0.458756114814391	DOID:3312	Bipolar_disorder	BD	297	DOID:2377	Multiple_Sclerosis	MS	199	-0.162861834151751	.	YES	-2.18116651282077	0.0291711027033447	Smaller	.	0.0842720744763291
DOID:12849	Autistic_disorder	AUT	95	DOID:12849	Autistic_disorder	AUT	95	0	.	.	0	1	larger	.	1	DOID:12849	Autistic_disorder	AUT	153	DOID:12849	Autistic_disorder	AUT	153	0	.	.	0	1	larger	.	1	DOID:12849	Autistic_disorder	AUT	209	DOID:12849	Autistic_disorder	AUT	209	0	.	.	0	1	larger	.	1
DOID:12849	Autistic_disorder	AUT	95	DOID:5419	Schizophrenia	SCH	366	-0.190046958725358	.	YES	-3.37381417039519	0.000741343958042196	Smaller	.	0.00706286049027927	DOID:12849	Autistic_disorder	AUT	153	DOID:5419	Schizophrenia	SCH	535	-0.239346927280657	.	YES	-5.49642382218798	3.87570401393638e-08	Smaller	***	6.04609826174075e-07	DOID:12849	Autistic_disorder	AUT	209	DOID:5419	Schizophrenia	SCH	694	-0.295416160717273	.	YES	-8.57781802356056	9.66897575053262e-18	Smaller	***	1.50836021708309e-16
DOID:12849	Autistic_disorder	AUT	95	DOID:0060041	Autism_Spectrum_Disorder	ASD	97	-1.59902502712968	.	YES	-21.1678833574987	1.88850480460393e-99	Smaller	***	1.47303374759107e-97	DOID:12849	Autistic_disorder	AUT	153	DOID:0060041	Autism_Spectrum_Disorder	ASD	154	-1.52770354020594	.	YES	-27.4788234040369	3.14473807195902e-166	Smaller	***	2.45289569612804e-164	DOID:12849	Autistic_disorder	AUT	209	DOID:0060041	Autism_Spectrum_Disorder	ASD	212	-1.54632970845198	.	YES	-34.9624105687593	8.38837873094712e-268	Smaller	***	6.54293541013875e-266
DOID:12849	Autistic_disorder	AUT	95	DOID:1826	Epilepsy_syndrome	Epi	138	-0.318736802820636	.	YES	-3.26379262356297	0.00109931596869673	Smaller	.	0.0085746645558345	DOID:12849	Autistic_disorder	AUT	153	DOID:1826	Epilepsy_syndrome	Epi	228	-0.182378470106098	.	YES	-1.81685140732652	0.0692398688706776	Smaller	.	0.221980282491253	DOID:12849	Autistic_disorder	AUT	209	DOID:1826	Epilepsy_syndrome	Epi	288	-0.179918977581598	.	YES	-2.46006654935982	0.0138911254924735	Smaller	.	0.0515956089720444
DOID:12849	Autistic_disorder	AUT	95	DOID:1059	Intellectual_Disability	ID	103	-0.301062748073479	.	YES	-2.81697860571146	0.00484777547772997	Smaller	.	0.0252084324841958	DOID:12849	Autistic_disorder	AUT	153	DOID:1059	Intellectual_Disability	ID	159	-0.274807431438952	.	YES	-3.47726441624981	0.000506557989514274	Smaller	*	0.00329262693184278	DOID:12849	Autistic_disorder	AUT	209	DOID:1059	Intellectual_Disability	ID	240	-0.302584335915715	.	YES	-5.42187924916231	5.89757168301344e-08	Smaller	***	5.11122879194498e-07
DOID:12849	Autistic_disorder	AUT	95	DOID:10763	Hypertension	HTN	132	-0.0621115514055464	.	YES	0.660993413176888	0.508616537730017	larger	.	0.862436737890029	DOID:12849	Autistic_disorder	AUT	153	DOID:10763	Hypertension	HTN	195	-0.11297827707564	.	YES	-0.348424177305722	0.727521647859179	Smaller	.	0.995555939175719	DOID:12849	Autistic_disorder	AUT	209	DOID:10763	Hypertension	HTN	298	-0.103226784808449	.	YES	-0.589787918988223	0.555332843110881	Smaller	.	0.773499317190156
DOID:12849	Autistic_disorder	AUT	95	DOID:12858	Huntington's_disease	HD	43	-0.0852145530661841	.	YES	-0.682844255551408	0.494705261534597	Smaller	.	0.862436737890029	DOID:12849	Autistic_disorder	AUT	153	DOID:12858	Huntington's_disease	HD	58	0.00335315800885927	YES	.	0.0693846876195598	0.944683417052832	larger	.	1	DOID:12849	Autistic_disorder	AUT	209	DOID:12858	Huntington's_disease	HD	84	-0.0402651058300421	.	YES	-0.724951480822401	0.468481796605977	Smaller	.	0.689463776137098
DOID:12849	Autistic_disorder	AUT	95	DOID:14330	Parkinson's_disease	PD	108	-0.17077079672361	.	YES	-0.966585700738441	0.333751185701245	Smaller	.	0.66750237140249	DOID:12849	Autistic_disorder	AUT	153	DOID:14330	Parkinson's_disease	PD	167	-0.144732838245079	.	YES	-1.00540864602465	0.314700118312865	Smaller	.	0.598697786058621	DOID:12849	Autistic_disorder	AUT	209	DOID:14330	Parkinson's_disease	PD	222	-0.143588175704429	.	YES	-1.54342051018235	0.122728780448256	Smaller	.	0.258725537161188
DOID:12849	Autistic_disorder	AUT	95	DOID:9255	Frontotemporal_dementia	FTD	81	0.0124955697324121	YES	.	1.41783282900897	0.156239577073033	larger	.	0.420230586610227	DOID:12849	Autistic_disorder	AUT	153	DOID:9255	Frontotemporal_dementia	FTD	102	0.0986928104575164	YES	.	2.88176937398382	0.00395449057348971	larger	.	0.0171361258184554	DOID:12849	Autistic_disorder	AUT	209	DOID:9255	Frontotemporal_dementia	FTD	121	0.0732637378570393	YES	.	2.41509071357312	0.0157312912493748	larger	.	0.0557745780659652
DOID:12849	Autistic_disorder	AUT	95	DOID:2377	Multiple_Sclerosis	MS	96	-0.11552740653991	.	YES	-0.205324147005818	0.837318879356558	Smaller	.	1	DOID:12849	Autistic_disorder	AUT	153	DOID:2377	Multiple_Sclerosis	MS	134	-0.08268080924883	.	YES	0.0399216388439055	0.968155599550275	larger	.	1	DOID:12849	Autistic_disorder	AUT	209	DOID:2377	Multiple_Sclerosis	MS	199	-0.134779170738767	.	YES	-1.37147227333151	0.170227781045252	Smaller	.	0.331944173038241
DOID:5419	Schizophrenia	SCH	366	DOID:5419	Schizophrenia	SCH	366	0	.	.	0	1	larger	.	1	DOID:5419	Schizophrenia	SCH	535	DOID:5419	Schizophrenia	SCH	535	0	.	.	0	1	larger	.	1	DOID:5419	Schizophrenia	SCH	694	DOID:5419	Schizophrenia	SCH	694	0	.	.	0	1	larger	.	1
DOID:5419	Schizophrenia	SCH	366	DOID:0060041	Autism_Spectrum_Disorder	ASD	97	-0.18689112273418	.	YES	-3.19575438065576	0.00139465781762208	Smaller	.	0.00988939179768384	DOID:5419	Schizophrenia	SCH	535	DOID:0060041	Autism_Spectrum_Disorder	ASD	154	-0.237497003085083	.	YES	-5.39851739565781	6.71938538662586e-08	Smaller	***	8.73520100261362e-07	DOID:5419	Schizophrenia	SCH	694	DOID:0060041	Autism_Spectrum_Disorder	ASD	212	-0.298621116264878	.	YES	-8.39273686177433	4.74953837854949e-17	Smaller	***	6.17439989211434e-16
DOID:5419	Schizophrenia	SCH	366	DOID:1826	Epilepsy_syndrome	Epi	138	-0.282717589292786	.	YES	-3.6433513735397	0.000269111071282589	Smaller	*	0.00299866622286313	DOID:5419	Schizophrenia	SCH	535	DOID:1826	Epilepsy_syndrome	Epi	228	-0.259837157198922	.	YES	-4.13107779803414	3.61066349559738e-05	Smaller	**	0.000281631752656596	DOID:5419	Schizophrenia	SCH	694	DOID:1826	Epilepsy_syndrome	Epi	288	-0.18382967747016	.	YES	-3.45949323560489	0.000541192870617761	Smaller	*	0.00263831524426158
DOID:5419	Schizophrenia	SCH	366	DOID:1059	Intellectual_Disability	ID	103	-0.055402824896911	.	YES	-0.386622793032274	0.699035481326587	Smaller	.	1	DOID:5419	Schizophrenia	SCH	535	DOID:1059	Intellectual_Disability	ID	159	-0.082359565350179	.	YES	-1.29558412496697	0.195118801313256	Smaller	.	0.423307356780161	DOID:5419	Schizophrenia	SCH	694	DOID:1059	Intellectual_Disability	ID	240	-0.099494700162708	.	YES	-1.72399444835891	0.0847088453843474	Smaller	.	0.188779712570831
DOID:5419	Schizophrenia	SCH	366	DOID:10763	Hypertension	HTN	132	-0.168067949891967	.	YES	-1.45543653511024	0.145548448079708	Smaller	.	0.410781538293457	DOID:5419	Schizophrenia	SCH	535	DOID:10763	Hypertension	HTN	195	-0.0934759986737965	.	YES	-0.45489028237766	0.649188174338929	Smaller	.	0.973782261508393	DOID:5419	Schizophrenia	SCH	694	DOID:10763	Hypertension	HTN	298	-0.123674793781855	.	YES	-1.2339629958319	0.217216693420426	Smaller	.	0.403402430637934
DOID:5419	Schizophrenia	SCH	366	DOID:12858	Huntington's_disease	HD	43	0.119748006864235	YES	.	-0.87590615071161	0.381081055523533	Smaller	.	0.743108058270889	DOID:5419	Schizophrenia	SCH	535	DOID:12858	Huntington's_disease	HD	58	0.222686009676758	YES	.	0.757590833000723	0.448695969716799	larger	.	0.79541558267978	DOID:5419	Schizophrenia	SCH	694	DOID:12858	Huntington's_disease	HD	84	0.181271504030666	YES	.	0.564657593333201	0.572306683464232	larger	.	0.776801719242969
DOID:5419	Schizophrenia	SCH	366	DOID:14330	Parkinson's_disease	PD	108	-0.109816082943288	.	YES	-1.2302466488797	0.218604756049069	Smaller	.	0.508109573237076	DOID:5419	Schizophrenia	SCH	535	DOID:14330	Parkinson's_disease	PD	167	-0.101865986056484	.	YES	-1.51317787879849	0.130234481680472	Smaller	.	0.327686760357317	DOID:5419	Schizophrenia	SCH	694	DOID:14330	Parkinson's_disease	PD	222	-0.0673331959244898	.	YES	-1.15345265204413	0.248724640965404	Smaller	.	0.440920954438671
DOID:5419	Schizophrenia	SCH	366	DOID:9255	Frontotemporal_dementia	FTD	81	0.0289320016462715	YES	.	0.081294886025316	0.935207440891294	larger	.	1	DOID:5419	Schizophrenia	SCH	535	DOID:9255	Frontotemporal_dementia	FTD	102	0.097858870363386	YES	.	0.716167894888911	0.473887684524414	larger	.	0.821405319842318	DOID:5419	Schizophrenia	SCH	694	DOID:9255	Frontotemporal_dementia	FTD	121	0.112990129430947	YES	.	0.627313300665143	0.530453886514825	larger	.	0.752280057239206
DOID:5419	Schizophrenia	SCH	366	DOID:2377	Multiple_Sclerosis	MS	96	-0.0750734067844723	.	YES	-1.09003306625983	0.275698578588404	Smaller	.	0.581202408916095	DOID:5419	Schizophrenia	SCH	535	DOID:2377	Multiple_Sclerosis	MS	134	-0.0590873635677276	.	YES	-1.60677002298557	0.10810482646048	Smaller	.	0.301149159425623	DOID:5419	Schizophrenia	SCH	694	DOID:2377	Multiple_Sclerosis	MS	199	-0.108308970653033	.	YES	-3.02093866161992	0.00251992402435257	Smaller	.	0.0109196707721945
DOID:0060041	Autism_Spectrum_Disorder	ASD	97	DOID:0060041	Autism_Spectrum_Disorder	ASD	97	0	.	.	0	1	larger	.	1	DOID:0060041	Autism_Spectrum_Disorder	ASD	154	DOID:0060041	Autism_Spectrum_Disorder	ASD	154	0	.	.	0	1	larger	.	1	DOID:0060041	Autism_Spectrum_Disorder	ASD	212	DOID:0060041	Autism_Spectrum_Disorder	ASD	212	0	.	.	0	1	larger	.	1
DOID:0060041	Autism_Spectrum_Disorder	ASD	97	DOID:1826	Epilepsy_syndrome	Epi	138	-0.306343877852695	.	YES	-2.9975889331316	0.00272124448511592	Smaller	.	0.0166892006205824	DOID:0060041	Autism_Spectrum_Disorder	ASD	154	DOID:1826	Epilepsy_syndrome	Epi	228	-0.175577717496979	.	YES	-1.68060700379487	0.0928392745188331	Smaller	.	0.268202348609962	DOID:0060041	Autism_Spectrum_Disorder	ASD	212	DOID:1826	Epilepsy_syndrome	Epi	288	-0.188260220125786	.	YES	-2.7057747410365	0.00681452529634392	Smaller	.	0.0265766486557413
DOID:0060041	Autism_Spectrum_Disorder	ASD	97	DOID:1059	Intellectual_Disability	ID	103	-0.28834701231108	.	YES	-2.63393057995688	0.00844027426060149	Smaller	.	0.0411463370204323	DOID:0060041	Autism_Spectrum_Disorder	ASD	154	DOID:1059	Intellectual_Disability	ID	159	-0.270793390707189	.	YES	-3.41953948320283	0.000627272286789029	Smaller	*	0.00376363372073417	DOID:0060041	Autism_Spectrum_Disorder	ASD	212	DOID:1059	Intellectual_Disability	ID	240	-0.307357933990093	.	YES	-5.49681935733053	3.86702463919624e-08	Smaller	***	3.77034902321633e-07
DOID:0060041	Autism_Spectrum_Disorder	ASD	97	DOID:10763	Hypertension	HTN	132	-0.0557281840145478	.	YES	0.789320121945503	0.429924928868388	larger	.	0.798432010755578	DOID:0060041	Autism_Spectrum_Disorder	ASD	154	DOID:10763	Hypertension	HTN	195	-0.109045348157096	.	YES	-0.24684919341711	0.805024937417661	Smaller	.	1	DOID:0060041	Autism_Spectrum_Disorder	ASD	212	DOID:10763	Hypertension	HTN	298	-0.103759183805218	.	YES	-0.556861894721175	0.577621791231951	Smaller	.	0.776801719242969
DOID:0060041	Autism_Spectrum_Disorder	ASD	97	DOID:12858	Huntington's_disease	HD	43	-0.0929941432338939	.	YES	-0.804206197275209	0.421277900300212	Smaller	.	0.798432010755578	DOID:0060041	Autism_Spectrum_Disorder	ASD	154	DOID:12858	Huntington's_disease	HD	58	-0.00355305072286205	.	YES	-0.0508540049346616	0.959441856797867	Smaller	.	1	DOID:0060041	Autism_Spectrum_Disorder	ASD	212	DOID:12858	Huntington's_disease	HD	84	-0.0500200335105996	.	YES	-0.9725418762681	0.330781042480256	Smaller	.	0.537519194030416
DOID:0060041	Autism_Spectrum_Disorder	ASD	97	DOID:14330	Parkinson's_disease	PD	108	-0.173139068160441	.	YES	-0.975244199850151	0.329439142110396	Smaller	.	0.66750237140249	DOID:0060041	Autism_Spectrum_Disorder	ASD	154	DOID:14330	Parkinson's_disease	PD	167	-0.147125278512038	.	YES	-1.02428609165141	0.305700165297971	Smaller	.	0.596115322331043	DOID:0060041	Autism_Spectrum_Disorder	ASD	212	DOID:14330	Parkinson's_disease	PD	222	-0.15130392108481	.	YES	-1.68702291068847	0.0915989466576941	Smaller	.	0.198464384425004
DOID:0060041	Autism_Spectrum_Disorder	ASD	97	DOID:9255	Frontotemporal_dementia	FTD	81	0.0231754979814751	YES	.	1.5963414820769	0.110412573382651	larger	.	0.331237720147953	DOID:0060041	Autism_Spectrum_Disorder	ASD	154	DOID:9255	Frontotemporal_dementia	FTD	102	0.101289947797301	YES	.	2.92645735162448	0.00342846509705808	larger	.	0.0157306045629724	DOID:0060041	Autism_Spectrum_Disorder	ASD	212	DOID:9255	Frontotemporal_dementia	FTD	121	0.0664850489035738	YES	.	2.32736808712977	0.0199456827637416	larger	.	0.0676418806770367
DOID:0060041	Autism_Spectrum_Disorder	ASD	97	DOID:2377	Multiple_Sclerosis	MS	96	-0.098138175934334	.	YES	0.0766286551001815	0.938918962495982	larger	.	1	DOID:0060041	Autism_Spectrum_Disorder	ASD	154	DOID:2377	Multiple_Sclerosis	MS	134	-0.0757461340483727	.	YES	0.187065390020833	0.851609363872889	larger	.	1	DOID:0060041	Autism_Spectrum_Disorder	ASD	212	DOID:2377	Multiple_Sclerosis	MS	199	-0.138704874969347	.	YES	-1.45998501441546	0.144294192511175	Smaller	.	0.296182816207149
DOID:1826	Epilepsy_syndrome	Epi	138	DOID:1826	Epilepsy_syndrome	Epi	138	0	.	.	0	1	larger	.	1	DOID:1826	Epilepsy_syndrome	Epi	228	DOID:1826	Epilepsy_syndrome	Epi	228	0	.	.	0	1	larger	.	1	DOID:1826	Epilepsy_syndrome	Epi	288	DOID:1826	Epilepsy_syndrome	Epi	288	0	.	.	0	1	larger	.	1
DOID:1826	Epilepsy_syndrome	Epi	138	DOID:1059	Intellectual_Disability	ID	103	-0.157347060667789	.	YES	-0.665639787350532	0.50564136869657	Smaller	.	0.862436737890029	DOID:1826	Epilepsy_syndrome	Epi	228	DOID:1059	Intellectual_Disability	ID	159	-0.160718959531343	.	YES	-1.29484812625043	0.195372626206228	Smaller	.	0.423307356780161	DOID:1826	Epilepsy_syndrome	Epi	288	DOID:1059	Intellectual_Disability	ID	240	-0.175094696969697	.	YES	-2.14717190989249	0.0317795981244952	Smaller	.	0.0856029684104505
DOID:1826	Epilepsy_syndrome	Epi	138	DOID:10763	Hypertension	HTN	132	-0.20258014931928	.	YES	-1.10582186248479	0.268803630298909	Smaller	.	0.581202408916095	DOID:1826	Epilepsy_syndrome	Epi	228	DOID:10763	Hypertension	HTN	195	-0.183720724342225	.	YES	-1.4552753104172	0.145593058934863	Smaller	.	0.354883081153729	DOID:1826	Epilepsy_syndrome	Epi	288	DOID:10763	Hypertension	HTN	298	-0.169585609600599	.	YES	-1.82597444122094	0.0678541118486705	Smaller	.	0.160382446187767
DOID:1826	Epilepsy_syndrome	Epi	138	DOID:12858	Huntington's_disease	HD	43	-0.102176426883565	.	YES	-1.44856164342728	0.147460039387395	Smaller	.	0.410781538293457	DOID:1826	Epilepsy_syndrome	Epi	228	DOID:12858	Huntington's_disease	HD	58	0.045991289412342	YES	.	-0.0206907970862499	0.983492310311232	Smaller	.	1	DOID:1826	Epilepsy_syndrome	Epi	288	DOID:12858	Huntington's_disease	HD	84	0.0402505760368663	YES	.	0.221149022352643	0.824976400749177	larger	.	1
DOID:1826	Epilepsy_syndrome	Epi	138	DOID:14330	Parkinson's_disease	PD	108	-0.254663995915322	.	YES	-2.12226973096071	0.0338150938039476	Smaller	.	0.125598919843234	DOID:1826	Epilepsy_syndrome	Epi	228	DOID:14330	Parkinson's_disease	PD	167	-0.163202741751673	.	YES	-1.26814189202814	0.204747283651363	Smaller	.	0.431629408778549	DOID:1826	Epilepsy_syndrome	Epi	288	DOID:14330	Parkinson's_disease	PD	222	-0.123905339162692	.	YES	-0.983596219454827	0.32531408471447	Smaller	.	0.537519194030416
DOID:1826	Epilepsy_syndrome	Epi	138	DOID:9255	Frontotemporal_dementia	FTD	81	-0.0846623872234356	.	YES	0.0181739547040651	0.985500080340055	larger	.	1	DOID:1826	Epilepsy_syndrome	Epi	228	DOID:9255	Frontotemporal_dementia	FTD	102	0.0394713387747443	YES	.	1.56264858693417	0.118135273449226	larger	.	0.317743149277229	DOID:1826	Epilepsy_syndrome	Epi	288	DOID:9255	Frontotemporal_dementia	FTD	121	0.0628023609623689	YES	.	1.88940297092749	0.0588378531130885	larger	.	0.148043630413578
DOID:1826	Epilepsy_syndrome	Epi	138	DOID:2377	Multiple_Sclerosis	MS	96	-0.267088210702341	.	YES	-2.43021368404186	0.0150899233111385	Smaller	.	0.0588507009134401	DOID:1826	Epilepsy_syndrome	Epi	228	DOID:2377	Multiple_Sclerosis	MS	134	-0.223841355884144	.	YES	-2.92776818716822	0.00341404483017786	Smaller	.	0.0157306045629724	DOID:1826	Epilepsy_syndrome	Epi	288	DOID:2377	Multiple_Sclerosis	MS	199	-0.19689798023313	.	YES	-3.00430285501461	0.00266190208288866	Smaller	.	0.0109278085508061
DOID:1059	Intellectual_Disability	ID	103	DOID:1059	Intellectual_Disability	ID	103	0	.	.	0	1	larger	.	1	DOID:1059	Intellectual_Disability	ID	159	DOID:1059	Intellectual_Disability	ID	159	0	.	.	0	1	larger	.	1	DOID:1059	Intellectual_Disability	ID	240	DOID:1059	Intellectual_Disability	ID	240	0	.	.	0	1	larger	.	1
DOID:1059	Intellectual_Disability	ID	103	DOID:10763	Hypertension	HTN	132	-0.0257771372055611	.	YES	1.36155413251533	0.17333863888701	larger	.	0.436142381715703	DOID:1059	Intellectual_Disability	ID	159	DOID:10763	Hypertension	HTN	195	-0.0213164087804321	.	YES	1.52931443479003	0.126186512869104	larger	.	0.327686760357317	DOID:1059	Intellectual_Disability	ID	240	DOID:10763	Hypertension	HTN	298	-0.00662574952388084	.	YES	2.21378601728912	0.0268435024031185	larger	.	0.0813671577249441
DOID:1059	Intellectual_Disability	ID	103	DOID:12858	Huntington's_disease	HD	43	-0.0650213258195516	.	YES	-0.531865663670128	0.594819040104985	Smaller	.	0.946854798534466	DOID:1059	Intellectual_Disability	ID	159	DOID:12858	Huntington's_disease	HD	58	0.0423658812277192	YES	.	0.617708623425496	0.53676742653369	larger	.	0.89080551637506	DOID:1059	Intellectual_Disability	ID	240	DOID:12858	Huntington's_disease	HD	84	0.0523809523809524	YES	.	0.869031791445606	0.384829742225905	larger	.	0.600334397872412
DOID:1059	Intellectual_Disability	ID	103	DOID:14330	Parkinson's_disease	PD	108	-0.0829375365334506	.	YES	0.403644223514299	0.686474360658584	larger	.	1	DOID:1059	Intellectual_Disability	ID	159	DOID:14330	Parkinson's_disease	PD	167	-0.090572068041253	.	YES	0.0968188704153486	0.922870237912489	larger	.	1	DOID:1059	Intellectual_Disability	ID	240	DOID:14330	Parkinson's_disease	PD	222	-0.0413653913653913	.	YES	1.02821510640443	0.303848653985886	larger	.	0.51522163067172
DOID:1059	Intellectual_Disability	ID	103	DOID:9255	Frontotemporal_dementia	FTD	81	-0.090302205962822	.	YES	0.0585338690688841	0.953323385117115	larger	.	1	DOID:1059	Intellectual_Disability	ID	159	DOID:9255	Frontotemporal_dementia	FTD	102	-0.0545030851204069	.	YES	0.1765291950623	0.859878214474413	larger	.	1	DOID:1059	Intellectual_Disability	ID	240	DOID:9255	Frontotemporal_dementia	FTD	121	-0.0286123638805582	.	YES	0.124806711932546	0.900676573590482	larger	.	1
DOID:1059	Intellectual_Disability	ID	103	DOID:2377	Multiple_Sclerosis	MS	96	-0.0211003947732187	.	YES	1.21311551546562	0.225085658786006	larger	.	0.508109573237076	DOID:1059	Intellectual_Disability	ID	159	DOID:2377	Multiple_Sclerosis	MS	134	0.0151526801564332	YES	.	1.86649151990644	0.0619726293986027	larger	.	0.210168047525696	DOID:1059	Intellectual_Disability	ID	240	DOID:2377	Multiple_Sclerosis	MS	199	-0.0260850570239199	.	YES	1.25480292372472	0.209550310977623	larger	.	0.398656689176941
DOID:10763	Hypertension	HTN	132	DOID:10763	Hypertension	HTN	132	0	.	.	0	1	larger	.	1	DOID:10763	Hypertension	HTN	195	DOID:10763	Hypertension	HTN	195	0	.	.	0	1	larger	.	1	DOID:10763	Hypertension	HTN	298	DOID:10763	Hypertension	HTN	298	0	.	.	0	1	larger	.	1
DOID:10763	Hypertension	HTN	132	DOID:12858	Huntington's_disease	HD	43	0.0273416893184333	YES	.	0.248601566769569	0.803668996434517	larger	.	1	DOID:10763	Hypertension	HTN	195	DOID:12858	Huntington's_disease	HD	58	0.00358264923482299	YES	.	-0.373736443651632	0.708600408804046	Smaller	.	0.995555939175719	DOID:10763	Hypertension	HTN	298	DOID:12858	Huntington's_disease	HD	84	0.0130852404210569	YES	.	-0.442793807603836	0.657914882766541	Smaller	.	0.855289347596503
DOID:10763	Hypertension	HTN	132	DOID:14330	Parkinson's_disease	PD	108	-0.196380471380471	.	YES	-1.20553227701346	0.227997885426893	Smaller	.	0.508109573237076	DOID:10763	Hypertension	HTN	195	DOID:14330	Parkinson's_disease	PD	167	-0.168274246237657	.	YES	-1.33078916341717	0.183258394619583	Smaller	.	0.420416317068455	DOID:10763	Hypertension	HTN	298	DOID:14330	Parkinson's_disease	PD	222	-0.155645630142274	.	YES	-1.78228222798253	0.074703219359141	Smaller	.	0.171377973823912
DOID:10763	Hypertension	HTN	132	DOID:9255	Frontotemporal_dementia	FTD	81	-0.00548323611703894	.	YES	1.21923464505429	0.222755145951026	larger	.	0.508109573237076	DOID:10763	Hypertension	HTN	195	DOID:9255	Frontotemporal_dementia	FTD	102	0.0201959260782789	YES	.	1.37512039222831	0.169094123247822	larger	.	0.399677018585761	DOID:10763	Hypertension	HTN	298	DOID:9255	Frontotemporal_dementia	FTD	121	0.0687634189467485	YES	.	1.96477176655294	0.049440659343824	larger	.	0.128545714293942
DOID:10763	Hypertension	HTN	132	DOID:2377	Multiple_Sclerosis	MS	96	-0.270509370015949	.	YES	-2.4411312734353	0.014641331483048	Smaller	.	0.0588507009134401	DOID:10763	Hypertension	HTN	195	DOID:2377	Multiple_Sclerosis	MS	134	-0.311536658535706	.	YES	-4.43951590030321	9.01614536943616e-06	Smaller	***	8.79074173520026e-05	DOID:10763	Hypertension	HTN	298	DOID:2377	Multiple_Sclerosis	MS	199	-0.282037491550768	.	YES	-5.16374952400404	2.4205154545111e-07	Smaller	***	1.88800205451866e-06
DOID:12858	Huntington's_disease	HD	43	DOID:12858	Huntington's_disease	HD	43	0	.	.	0	1	larger	.	1	DOID:12858	Huntington's_disease	HD	58	DOID:12858	Huntington's_disease	HD	58	0	.	.	0	1	larger	.	1	DOID:12858	Huntington's_disease	HD	84	DOID:12858	Huntington's_disease	HD	84	0	.	.	0	1	larger	.	1
DOID:12858	Huntington's_disease	HD	43	DOID:14330	Parkinson's_disease	PD	108	-0.175707742240932	.	YES	-1.93728472423144	0.0527105485127544	Smaller	.	0.178757512347602	DOID:12858	Huntington's_disease	HD	58	DOID:14330	Parkinson's_disease	PD	167	-0.144397870924817	.	YES	-2.45681945314274	0.0140173113995238	Smaller	.	0.0520642994839455	DOID:12858	Huntington's_disease	HD	84	DOID:14330	Parkinson's_disease	PD	222	-0.151487622075857	.	YES	-3.07640001381208	0.00209516558324452	Smaller	.	0.00961311267606309
DOID:12858	Huntington's_disease	HD	43	DOID:9255	Frontotemporal_dementia	FTD	81	-0.0556736406323803	.	YES	-0.163403324048291	0.870200885848386	Smaller	.	1	DOID:12858	Huntington's_disease	HD	58	DOID:9255	Frontotemporal_dementia	FTD	102	-0.0638480392156864	.	YES	-0.467186767803986	0.640366259843876	Smaller	.	0.973782261508393	DOID:12858	Huntington's_disease	HD	84	DOID:9255	Frontotemporal_dementia	FTD	121	-0.0336971232758372	.	YES	0.0135455130081488	0.989192574796379	larger	.	1
DOID:12858	Huntington's_disease	HD	43	DOID:2377	Multiple_Sclerosis	MS	96	-0.166909786124589	.	YES	-1.64294311149424	0.100394704087913	Smaller	.	0.313231476754289	DOID:12858	Huntington's_disease	HD	58	DOID:2377	Multiple_Sclerosis	MS	134	-0.0870646766169154	.	YES	-1.13489306539296	0.256420125823348	Smaller	.	0.512840251646696	DOID:12858	Huntington's_disease	HD	84	DOID:2377	Multiple_Sclerosis	MS	199	-0.100954038237629	.	YES	-1.82752765242163	0.067620472426049	Smaller	.	0.160382446187767
DOID:14330	Parkinson's_disease	PD	108	DOID:14330	Parkinson's_disease	PD	108	0	.	.	0	1	larger	.	1	DOID:14330	Parkinson's_disease	PD	167	DOID:14330	Parkinson's_disease	PD	167	0	.	.	0	1	larger	.	1	DOID:14330	Parkinson's_disease	PD	222	DOID:14330	Parkinson's_disease	PD	222	0	.	.	0	1	larger	.	1
DOID:14330	Parkinson's_disease	PD	108	DOID:9255	Frontotemporal_dementia	FTD	81	-0.121693121693122	.	YES	-0.400662157821409	0.688668875489352	Smaller	.	1	DOID:14330	Parkinson's_disease	PD	167	DOID:9255	Frontotemporal_dementia	FTD	102	-0.0891200324040309	.	YES	-0.480027861813976	0.63120758160258	Smaller	.	0.973782261508393	DOID:14330	Parkinson's_disease	PD	222	DOID:9255	Frontotemporal_dementia	FTD	121	-0.0211110322427577	.	YES	0.399729639157013	0.689355659195953	larger	.	0.881471170775153
DOID:14330	Parkinson's_disease	PD	108	DOID:2377	Multiple_Sclerosis	MS	96	-0.278560729847495	.	YES	-2.48265726398244	0.0130406490967143	Smaller	.	0.0588507009134401	DOID:14330	Parkinson's_disease	PD	167	DOID:2377	Multiple_Sclerosis	MS	134	-0.230137335286288	.	YES	-2.71780953450095	0.00657156552474778	Smaller	.	0.0269780058384383	DOID:14330	Parkinson's_disease	PD	222	DOID:2377	Multiple_Sclerosis	MS	199	-0.234074117565207	.	YES	-3.67194068008815	0.000240715563517671	Smaller	*	0.00125172093029189
DOID:9255	Frontotemporal_dementia	FTD	81	DOID:9255	Frontotemporal_dementia	FTD	81	0	.	.	0	1	larger	.	1	DOID:9255	Frontotemporal_dementia	FTD	102	DOID:9255	Frontotemporal_dementia	FTD	102	0	.	.	0	1	larger	.	1	DOID:9255	Frontotemporal_dementia	FTD	121	DOID:9255	Frontotemporal_dementia	FTD	121	0	.	.	0	1	larger	.	1
DOID:9255	Frontotemporal_dementia	FTD	81	DOID:2377	Multiple_Sclerosis	MS	96	-0.0834608443188951	.	YES	0.136730314310371	0.891243967202225	larger	.	1	DOID:9255	Frontotemporal_dementia	FTD	102	DOID:2377	Multiple_Sclerosis	MS	134	-0.100524297753506	.	YES	-0.568936017792234	0.569399561299423	Smaller	.	0.925274287111562	DOID:9255	Frontotemporal_dementia	FTD	121	DOID:2377	Multiple_Sclerosis	MS	199	-0.0851961252543711	.	YES	-0.854591923951087	0.392777100097344	Smaller	.	0.600717917795938
DOID:2377	Multiple_Sclerosis	MS	96	DOID:2377	Multiple_Sclerosis	MS	96	0	.	.	0	1	larger	.	1	DOID:2377	Multiple_Sclerosis	MS	134	DOID:2377	Multiple_Sclerosis	MS	134	0	.	.	0	1	larger	.	1	DOID:2377	Multiple_Sclerosis	MS	199	DOID:2377	Multiple_Sclerosis	MS	199	0	.	.	0	1	larger	.	1
